N,P,K,temperature,humidity,ph,rainfall,label
79.4,59.0,42.3,24.59,82.34,5.28,186.97,rice
91.7,52.0,42.1,21.12,94.55,6.5,205.48,rice
74.5,43.7,38.0,24.15,86.48,5.52,253.42,rice
73.5,45.8,38.7,23.74,91.78,5.36,241.71,rice
84.8,40.9,41.1,22.02,80.98,6.71,295.88,rice
90.2,46.1,36.0,25.11,86.6,5.22,239.42,rice
70.9,58.2,37.6,24.98,84.68,5.94,245.61,rice
74.6,59.4,42.8,26.64,93.42,6.08,290.62,rice
72.2,43.9,35.5,22.95,85.83,5.49,279.45,rice
78.9,45.6,40.4,21.85,92.03,5.13,298.43,rice
89.3,44.0,35.1,25.89,90.6,6.31,272.55,rice
71.9,47.2,36.2,26.18,89.35,5.6,187.63,rice
77.8,46.5,42.3,24.83,93.31,5.85,194.35,rice
87.8,55.2,40.6,25.63,87.41,5.94,231.3,rice
70.6,42.2,35.3,24.82,84.72,5.92,288.91,rice
76.2,48.2,42.6,22.37,81.15,5.52,199.35,rice
93.2,56.2,41.3,26.23,92.06,5.34,287.11,rice
83.5,56.1,44.0,22.91,81.65,5.41,231.25,rice
90.5,57.2,35.1,24.06,86.26,5.4,194.38,rice
78.4,58.9,38.2,24.11,90.55,5.65,296.61,rice
94.1,45.0,40.0,22.81,84.27,5.07,253.15,rice
82.6,41.0,37.8,26.45,83.59,5.26,238.73,rice
94.6,44.8,41.7,25.57,83.56,6.31,224.13,rice
85.8,52.7,40.4,21.54,92.53,5.58,202.38,rice
71.0,51.8,41.8,21.1,87.68,5.41,257.42,rice
74.4,53.8,38.9,26.62,82.06,5.61,193.62,rice
93.1,57.5,37.6,24.96,92.26,6.0,243.56,rice
76.0,41.9,44.0,26.4,89.5,5.61,221.91,rice
88.1,57.9,43.9,25.68,89.63,5.15,199.4,rice
92.5,52.1,35.1,21.61,89.95,5.01,199.3,rice
83.7,53.8,41.5,22.35,90.68,5.43,219.05,rice
88.7,53.0,43.5,24.95,88.52,5.17,224.13,rice
76.6,44.9,44.7,23.36,93.38,6.14,275.38,rice
82.6,51.5,39.9,22.17,90.84,5.51,182.92,rice
86.1,43.5,44.4,26.72,93.72,5.67,181.85,rice
93.2,48.6,44.7,26.78,92.8,5.53,226.21,rice
91.3,46.3,36.7,24.34,94.04,6.25,248.41,rice
72.4,52.3,44.9,21.84,87.77,6.58,268.89,rice
87.4,54.0,38.6,22.76,92.14,6.46,284.05,rice
92.8,50.2,40.0,25.79,89.75,6.26,275.5,rice
92.3,46.8,38.8,21.56,88.67,5.06,235.87,rice
83.6,45.7,40.9,21.18,80.56,6.48,223.22,rice
73.2,50.4,42.7,22.29,89.34,5.15,186.2,rice
83.3,50.8,41.4,25.36,94.64,5.93,218.75,rice
89.9,45.4,39.4,21.47,80.38,6.73,280.32,rice
87.4,48.2,36.7,21.94,83.75,5.99,265.75,rice
86.5,45.6,44.5,25.43,88.32,6.1,230.35,rice
76.2,47.1,42.6,21.09,81.74,5.08,184.89,rice
91.4,54.1,39.7,21.59,87.37,5.85,200.78,rice
80.8,48.0,41.2,24.81,80.68,5.67,255.1,rice
82.6,57.1,41.6,21.98,81.06,6.16,183.18,rice
84.6,58.8,40.8,23.33,89.65,5.82,245.47,rice
93.5,47.7,44.6,26.43,82.94,5.12,192.09,rice
70.5,41.9,41.8,21.43,84.78,6.52,182.79,rice
90.4,45.6,36.2,25.18,89.43,6.58,268.21,rice
90.1,45.6,36.8,25.5,92.1,6.78,229.51,rice
79.3,55.5,38.4,26.58,92.88,5.77,270.1,rice
88.9,42.1,44.0,24.03,92.4,5.58,287.46,rice
79.7,40.2,44.1,21.55,84.79,6.71,294.07,rice
84.3,52.6,39.5,22.76,84.93,6.21,270.28,rice
89.8,55.8,35.9,23.97,80.86,5.99,232.98,rice
92.2,47.0,36.2,21.86,91.42,6.11,192.13,rice
72.1,54.0,35.7,25.93,90.59,5.15,190.18,rice
94.7,47.5,38.7,25.88,94.21,6.77,270.41,rice
79.4,41.7,42.8,24.35,86.36,6.63,193.34,rice
82.3,40.2,39.7,21.34,81.78,5.21,257.91,rice
88.7,51.7,44.6,23.25,84.29,6.56,206.83,rice
94.1,40.2,44.7,21.26,93.37,5.95,299.16,rice
71.8,51.1,44.7,24.14,89.44,6.25,234.54,rice
85.7,51.7,44.0,21.27,84.21,6.71,286.83,rice
81.4,52.4,37.8,22.13,86.96,5.64,250.04,rice
71.9,59.5,44.9,25.19,88.04,5.56,277.66,rice
87.1,43.3,44.1,25.94,94.25,6.31,253.61,rice
80.5,58.7,43.7,21.27,80.4,5.68,277.27,rice
94.7,43.0,40.9,23.29,94.55,6.52,280.6,rice
81.7,48.3,37.7,21.34,92.97,6.46,299.97,rice
94.9,51.1,42.7,26.67,92.74,5.45,234.07,rice
73.2,59.1,41.1,22.37,90.08,6.11,222.98,rice
72.8,53.4,40.2,25.63,87.8,6.53,246.23,rice
84.0,57.5,39.0,21.8,80.43,6.36,254.44,rice
87.6,44.3,36.4,21.09,85.26,6.06,227.07,rice
80.9,58.1,38.5,24.08,91.75,5.71,254.65,rice
91.6,59.0,36.5,26.56,87.38,5.46,235.1,rice
94.5,49.9,38.3,24.8,83.6,5.14,195.47,rice
73.2,43.0,36.4,24.85,82.73,5.62,287.61,rice
81.8,53.4,36.7,22.15,80.61,5.3,213.43,rice
74.4,41.8,36.2,23.76,83.1,5.66,240.41,rice
87.3,40.8,43.0,24.77,81.23,6.57,290.5,rice
71.5,45.5,43.1,25.49,82.77,5.38,224.46,rice
82.1,52.4,38.7,23.78,91.21,5.07,210.29,rice
87.8,57.9,40.1,24.19,81.61,5.81,243.91,rice
76.1,45.4,38.8,21.12,84.83,5.38,219.3,rice
73.0,57.8,40.9,25.07,91.84,5.9,190.43,rice
83.4,51.7,42.5,23.59,81.91,5.51,223.57,rice
86.1,51.4,38.6,26.92,89.09,5.43,192.21,rice
73.8,44.9,36.6,22.12,84.28,5.31,287.61,rice
72.0,50.5,39.1,26.89,81.68,5.72,296.34,rice
91.6,56.3,37.6,22.03,90.03,6.67,246.81,rice
84.3,45.6,42.7,22.12,84.86,5.77,240.91,rice
76.1,42.3,41.1,22.73,88.72,5.28,237.74,rice
101.3,41.0,35.0,16.21,51.27,7.48,66.12,wheat
112.4,45.1,40.2,21.84,61.91,6.71,70.59,wheat
94.0,58.6,42.5,23.69,52.49,7.1,96.92,wheat
87.2,41.3,41.1,20.17,66.84,6.21,89.76,wheat
88.1,43.3,32.5,22.33,63.3,6.78,67.94,wheat
115.1,47.8,42.2,18.95,57.54,6.69,65.07,wheat
109.9,50.1,33.5,23.1,57.68,6.82,95.32,wheat
105.0,42.3,44.1,20.65,56.7,6.21,89.7,wheat
104.8,50.7,43.4,22.1,53.03,6.47,62.42,wheat
109.8,40.7,38.5,21.86,67.54,6.51,91.06,wheat
84.4,56.9,31.9,18.58,65.95,6.22,61.46,wheat
108.9,54.4,39.6,21.25,60.85,6.38,67.28,wheat
87.3,58.2,38.8,18.61,59.24,7.42,57.67,wheat
103.4,50.1,39.2,15.16,67.44,7.4,78.26,wheat
107.9,58.4,40.6,16.37,61.53,6.91,71.21,wheat
109.5,58.7,43.9,19.06,52.26,7.48,91.94,wheat
85.0,58.4,43.0,19.67,61.83,6.6,52.74,wheat
93.4,56.1,30.1,18.0,57.96,6.81,95.99,wheat
93.9,46.9,41.1,19.07,54.49,6.68,57.04,wheat
87.1,50.0,36.3,23.23,57.25,6.87,81.61,wheat
80.5,53.3,32.7,23.65,52.97,6.62,54.27,wheat
119.9,50.0,38.9,15.6,65.0,6.31,94.9,wheat
88.2,43.8,30.5,19.25,61.3,6.1,88.78,wheat
98.1,50.5,36.6,18.61,61.19,6.23,59.1,wheat
114.5,58.9,35.6,17.44,62.88,6.61,51.27,wheat
86.2,54.3,39.9,15.24,54.44,6.35,83.59,wheat
80.8,42.1,42.0,16.61,63.05,6.36,54.97,wheat
89.7,54.4,42.8,22.47,57.94,7.0,60.25,wheat
91.7,57.9,30.2,15.77,54.16,6.04,59.07,wheat
103.3,48.4,43.4,22.36,56.84,6.39,68.98,wheat
103.6,45.4,39.4,18.68,61.04,6.65,64.72,wheat
117.9,55.3,32.1,22.82,59.75,7.34,89.99,wheat
97.0,40.4,34.0,19.87,62.67,6.39,56.97,wheat
113.4,59.7,37.9,16.55,55.45,6.03,95.71,wheat
84.7,51.5,34.1,19.99,63.03,7.24,60.32,wheat
80.4,42.7,43.5,22.87,61.95,6.9,83.25,wheat
87.0,58.3,36.3,18.45,60.38,6.07,58.31,wheat
109.5,41.7,39.0,17.21,57.79,6.43,67.78,wheat
108.8,45.9,38.5,19.28,63.27,7.41,86.63,wheat
88.6,40.6,33.9,20.36,51.03,6.74,79.84,wheat
93.4,55.4,31.6,15.68,64.56,6.74,84.42,wheat
97.4,44.9,42.3,22.19,63.89,6.41,79.51,wheat
94.4,41.8,43.8,16.23,69.0,6.67,59.26,wheat
101.7,57.5,41.0,22.26,63.18,7.04,92.46,wheat
90.0,49.8,33.3,23.89,68.88,6.06,85.28,wheat
117.0,43.6,38.5,23.24,50.68,7.05,64.87,wheat
117.0,59.4,44.2,19.27,67.24,7.27,65.96,wheat
113.2,40.7,38.9,17.07,52.41,6.12,84.81,wheat
93.6,54.5,31.0,17.84,60.79,7.19,65.94,wheat
105.0,57.7,39.2,17.1,50.49,7.31,51.06,wheat
115.0,50.6,44.1,22.19,69.96,6.53,88.36,wheat
96.1,49.6,39.4,22.86,69.68,7.15,70.89,wheat
96.9,54.8,33.6,15.99,57.09,6.43,64.82,wheat
89.3,40.8,30.3,23.89,58.56,6.58,83.98,wheat
88.7,59.0,41.8,15.8,58.35,7.32,97.24,wheat
98.7,52.3,32.5,23.92,54.63,7.41,82.48,wheat
104.3,50.3,33.5,16.59,54.41,6.28,88.98,wheat
94.0,41.2,44.5,22.95,68.56,7.49,58.69,wheat
95.8,55.2,40.4,16.39,66.32,6.34,61.19,wheat
101.5,51.9,38.7,15.82,67.55,6.4,56.48,wheat
115.5,59.1,42.9,22.29,63.1,6.83,54.35,wheat
96.3,47.5,33.9,21.51,59.92,6.12,61.01,wheat
107.3,41.5,42.8,19.46,59.61,6.89,91.23,wheat
93.9,53.6,38.5,17.4,67.57,7.2,82.92,wheat
114.0,57.3,40.6,22.53,63.95,7.02,80.93,wheat
110.1,43.2,43.2,22.85,50.58,7.24,56.44,wheat
93.4,54.9,32.4,22.36,66.64,6.76,50.32,wheat
91.5,52.3,44.7,20.69,55.2,6.95,77.0,wheat
111.2,42.1,41.4,19.87,69.26,6.51,81.63,wheat
117.3,42.1,44.1,21.19,51.36,6.45,85.41,wheat
82.7,51.6,35.2,20.59,50.91,7.31,98.67,wheat
118.8,55.0,32.0,21.82,50.49,6.03,66.18,wheat
99.5,55.4,40.2,19.01,55.47,7.5,71.31,wheat
98.1,43.3,41.9,21.24,54.42,6.12,84.02,wheat
106.2,45.5,44.3,16.36,58.65,7.42,70.99,wheat
105.5,48.0,34.1,23.86,58.19,7.34,61.5,wheat
88.5,40.6,39.8,18.32,67.29,6.71,98.41,wheat
87.4,57.4,41.6,21.94,66.9,7.14,81.31,wheat
85.2,40.7,43.8,20.55,65.93,6.72,55.87,wheat
85.0,53.7,36.5,16.8,59.83,6.1,79.1,wheat
90.8,56.0,34.7,19.1,50.23,6.11,69.62,wheat
99.2,52.0,34.4,21.25,67.2,7.17,51.98,wheat
99.2,42.1,33.6,23.88,52.85,6.75,80.91,wheat
108.1,51.2,30.1,17.94,60.35,6.13,67.53,wheat
81.3,41.6,36.0,16.19,61.35,7.03,90.03,wheat
88.0,43.3,31.6,20.73,64.13,6.05,96.81,wheat
82.1,50.8,40.6,22.84,64.28,7.2,66.97,wheat
112.6,41.6,43.4,19.93,66.35,6.68,82.18,wheat
101.1,54.6,31.2,15.54,54.94,6.24,93.59,wheat
88.8,59.5,35.1,16.64,65.79,6.99,74.91,wheat
102.2,54.4,33.4,23.97,69.5,6.98,59.98,wheat
107.2,41.4,30.5,17.32,59.25,7.3,86.36,wheat
109.7,48.5,35.2,18.34,69.75,6.06,93.35,wheat
103.1,48.8,40.9,19.38,67.47,7.35,71.09,wheat
91.1,51.8,43.7,16.9,62.46,6.95,86.66,wheat
85.3,54.3,43.6,16.62,54.75,7.46,59.05,wheat
114.2,49.8,33.7,22.84,58.91,6.77,67.96,wheat
103.7,43.3,35.9,23.72,55.16,6.99,66.26,wheat
110.9,42.6,44.5,19.08,54.72,6.11,58.49,wheat
100.8,46.7,42.4,18.88,54.97,6.93,85.34,wheat
66.7,38.4,15.4,24.63,68.28,6.21,102.21,maize
92.2,46.7,23.7,19.85,57.24,5.9,62.85,maize
81.2,53.7,15.4,19.1,64.04,6.9,75.81,maize
80.3,35.8,16.5,26.88,74.3,5.51,107.59,maize
85.6,52.4,19.5,22.64,64.78,6.5,66.98,maize
61.2,41.2,22.0,19.82,68.47,6.95,64.7,maize
86.9,43.9,23.7,19.59,68.85,6.76,107.23,maize
87.3,44.9,21.2,25.82,66.41,5.55,106.55,maize
87.6,48.5,17.2,23.93,62.88,6.48,65.33,maize
86.3,55.0,15.5,26.79,63.14,6.81,99.12,maize
82.7,49.8,23.8,21.64,61.54,6.5,100.39,maize
90.5,51.0,19.4,25.36,57.4,6.32,60.29,maize
73.0,42.3,19.0,24.26,62.77,6.17,71.88,maize
74.9,39.5,15.7,23.43,68.36,6.43,83.17,maize
75.2,52.3,20.2,22.31,55.51,6.01,79.01,maize
76.0,46.6,20.3,23.47,70.3,6.72,95.91,maize
98.2,35.4,17.0,18.07,67.95,6.85,72.17,maize
97.1,36.2,24.3,21.16,57.03,6.23,72.84,maize
71.4,41.1,23.0,22.85,61.23,6.42,95.81,maize
70.9,43.3,16.2,19.63,68.62,5.77,86.26,maize
88.4,37.1,20.7,20.31,74.26,6.23,100.3,maize
82.0,35.9,21.3,26.56,67.03,6.73,104.21,maize
69.1,39.2,21.1,21.7,71.8,6.85,77.67,maize
69.5,50.6,17.7,25.4,63.47,6.5,64.78,maize
85.0,44.0,20.9,19.51,69.74,6.79,70.84,maize
63.8,35.5,21.4,23.46,65.93,5.85,79.55,maize
83.8,44.9,24.9,19.23,68.9,6.11,81.41,maize
88.7,48.8,24.9,19.16,57.08,6.59,88.92,maize
71.0,36.6,15.9,26.05,58.84,5.99,71.33,maize
74.2,36.4,20.2,18.61,71.01,5.85,87.0,maize
95.2,48.0,20.3,20.92,61.66,6.5,109.71,maize
86.5,46.2,22.3,22.19,56.2,6.34,107.88,maize
67.0,48.8,17.0,22.82,56.93,6.18,97.81,maize
73.9,48.3,23.0,26.34,59.69,6.1,67.62,maize
99.7,53.5,20.4,25.58,65.42,6.44,64.46,maize
90.2,37.6,23.3,25.04,69.17,5.55,75.16,maize
70.5,42.2,15.9,26.43,66.08,5.96,79.85,maize
77.9,47.0,20.2,26.27,64.94,6.99,102.57,maize
68.3,53.6,16.2,25.36,62.61,6.82,103.4,maize
92.2,50.8,18.0,18.73,63.06,5.76,94.75,maize
73.8,54.5,21.4,25.4,57.65,6.79,106.14,maize
79.5,47.1,22.6,19.57,65.05,6.1,67.32,maize
74.7,36.4,15.3,19.22,74.26,6.32,108.29,maize
77.3,41.2,20.1,21.96,57.11,6.46,70.8,maize
84.8,48.0,16.5,18.55,70.62,6.19,62.91,maize
99.8,36.2,22.0,26.85,59.78,5.71,66.07,maize
72.1,37.0,21.9,18.56,65.19,7.0,100.7,maize
84.6,41.1,21.2,22.74,63.52,5.7,104.33,maize
78.0,38.9,18.7,21.73,71.55,6.6,98.47,maize
60.4,43.3,19.8,18.17,60.2,6.64,66.86,maize
81.4,39.3,15.1,20.17,74.52,6.7,107.98,maize
79.5,37.2,20.5,22.09,71.89,5.65,84.41,maize
66.0,41.5,22.4,22.28,62.52,6.09,82.97,maize
91.4,52.8,24.6,25.08,61.31,6.53,81.88,maize
70.2,51.8,15.4,26.12,64.23,6.46,92.97,maize
95.8,47.7,21.1,18.6,65.37,5.73,96.87,maize
80.5,48.6,15.4,18.76,69.33,5.61,63.56,maize
60.5,54.1,22.4,21.18,60.93,6.02,98.73,maize
86.5,38.7,16.7,18.89,68.21,6.65,73.25,maize
60.8,36.6,24.7,20.66,70.38,6.44,79.1,maize
68.2,37.4,21.2,24.97,67.88,6.3,62.1,maize
98.7,51.0,17.9,26.82,67.04,6.37,97.4,maize
92.5,48.1,16.3,21.04,73.56,5.84,78.61,maize
77.3,43.8,21.1,26.49,59.81,5.68,69.87,maize
95.5,47.9,17.9,25.34,72.23,6.77,105.95,maize
70.1,50.1,19.6,25.58,69.57,6.66,92.81,maize
67.1,45.9,24.8,26.44,55.86,5.75,66.59,maize
89.0,51.4,17.1,22.55,71.81,6.6,87.11,maize
83.6,45.2,18.0,23.09,68.78,6.81,91.81,maize
90.4,38.2,19.6,18.08,59.93,6.59,109.59,maize
64.0,43.0,23.0,19.84,66.1,6.6,90.8,maize
67.5,42.1,22.8,22.99,55.1,6.64,61.77,maize
89.8,39.0,24.6,21.31,61.54,5.72,75.28,maize
95.1,54.9,18.7,22.04,69.44,6.83,89.65,maize
75.7,43.3,22.0,18.03,67.39,6.03,99.71,maize
63.7,46.8,19.8,23.78,56.3,6.37,88.07,maize
82.4,47.1,21.8,25.24,60.4,6.74,84.91,maize
63.1,36.2,18.3,25.06,69.15,6.68,85.86,maize
77.6,37.9,18.3,21.91,56.77,5.83,89.91,maize
89.4,55.0,24.3,23.78,63.42,6.45,99.28,maize
64.7,43.2,23.4,21.45,66.44,6.38,69.22,maize
74.5,41.7,15.3,18.22,71.63,5.91,85.9,maize
71.9,53.8,17.6,21.87,72.45,6.76,69.31,maize
92.1,44.2,19.8,19.2,56.61,6.59,84.82,maize
77.5,49.6,22.7,19.43,67.2,5.7,97.57,maize
86.3,54.1,15.7,18.51,60.64,5.89,72.35,maize
96.3,40.0,17.7,24.83,63.99,6.67,63.27,maize
79.5,35.7,15.6,26.16,57.78,6.3,80.55,maize
73.9,53.0,15.2,23.97,74.27,6.34,106.84,maize
62.1,43.4,17.6,24.58,74.63,5.88,92.71,maize
67.9,46.3,19.6,26.75,67.17,6.02,65.7,maize
66.0,39.5,17.5,25.66,66.22,6.29,65.74,maize
94.4,49.5,15.7,24.37,65.87,5.62,82.92,maize
79.4,38.3,24.5,25.65,68.38,6.19,80.59,maize
86.0,45.9,15.6,22.61,71.13,6.19,62.6,maize
91.5,39.0,17.6,19.48,61.6,6.64,85.97,maize
68.2,52.6,23.8,25.84,59.78,6.18,109.25,maize
90.9,35.5,15.7,22.18,73.18,6.31,84.89,maize
64.2,48.1,23.2,21.42,70.51,6.95,70.19,maize
80.9,40.7,22.9,23.2,67.69,6.7,79.8,maize
38.3,65.7,76.6,20.48,22.93,6.48,86.43,chickpea
38.1,60.5,84.8,17.7,17.02,6.28,87.35,chickpea
33.1,58.0,79.4,20.08,15.83,7.32,85.09,chickpea
30.1,74.3,79.2,21.92,21.68,6.95,69.15,chickpea
37.6,63.5,76.6,17.06,20.6,6.79,82.98,chickpea
37.8,56.6,82.3,17.94,23.58,7.23,78.52,chickpea
34.2,61.3,79.7,21.11,19.59,6.54,77.36,chickpea
36.6,61.7,76.7,20.56,23.26,6.15,71.0,chickpea
22.8,62.0,79.5,20.74,21.51,6.93,73.81,chickpea
36.8,64.4,84.8,20.17,16.26,7.01,73.13,chickpea
33.7,56.4,76.7,21.28,17.27,7.26,71.98,chickpea
32.9,68.9,80.1,18.53,17.13,6.05,72.6,chickpea
33.1,73.8,83.7,20.83,22.88,7.0,71.51,chickpea
38.1,68.4,80.6,17.55,19.47,6.69,86.61,chickpea
30.9,62.6,84.8,17.55,19.23,6.06,83.5,chickpea
38.4,60.6,83.6,18.46,24.11,7.13,85.12,chickpea
20.4,74.3,82.3,18.52,23.29,6.42,86.82,chickpea
22.3,69.1,80.4,17.48,17.42,6.02,76.72,chickpea
26.0,67.0,78.0,18.5,22.43,6.07,87.57,chickpea
37.0,68.4,80.9,21.46,16.85,6.12,70.99,chickpea
35.9,55.7,80.8,21.98,23.56,6.78,66.59,chickpea
36.6,67.0,76.1,17.47,24.1,7.0,85.73,chickpea
37.6,66.4,80.2,19.15,18.17,6.65,84.35,chickpea
32.0,72.9,79.4,20.04,21.31,6.89,82.57,chickpea
24.7,65.2,76.0,18.92,19.88,6.98,88.76,chickpea
32.0,69.9,80.1,20.17,15.71,6.38,74.05,chickpea
29.4,55.9,76.4,18.38,24.72,6.5,77.05,chickpea
23.9,67.2,77.8,18.03,20.17,6.01,65.19,chickpea
24.4,55.7,76.1,18.69,23.03,6.86,77.82,chickpea
25.9,73.6,79.0,17.44,21.17,6.17,73.63,chickpea
30.1,72.5,79.9,20.51,24.93,6.2,71.87,chickpea
27.9,63.4,79.1,21.54,22.14,6.91,72.73,chickpea
36.5,74.1,83.2,17.01,21.36,6.08,71.44,chickpea
21.2,67.1,81.9,17.57,18.84,6.68,74.23,chickpea
22.4,63.4,82.5,17.36,15.8,6.53,88.54,chickpea
33.4,68.6,78.6,19.97,15.1,6.95,87.83,chickpea
32.3,72.5,82.2,17.6,24.02,6.1,78.35,chickpea
22.8,55.2,79.2,18.48,19.86,6.87,66.09,chickpea
22.5,66.2,78.4,20.65,21.52,7.27,82.31,chickpea
28.6,68.5,77.8,18.53,22.89,6.67,84.96,chickpea
36.4,72.2,84.2,19.15,18.19,6.87,74.28,chickpea
32.0,69.1,81.9,18.87,16.67,6.65,68.56,chickpea
37.8,61.9,76.5,17.13,21.46,6.96,73.52,chickpea
21.4,63.2,78.1,20.39,21.06,6.55,70.45,chickpea
39.8,64.1,81.9,17.7,19.86,6.04,77.64,chickpea
39.3,62.7,75.4,17.15,18.88,6.24,65.58,chickpea
35.1,64.2,77.9,21.5,16.16,7.43,72.85,chickpea
37.8,67.1,83.3,21.92,17.88,7.44,74.74,chickpea
27.7,61.8,80.4,17.77,20.54,6.81,84.05,chickpea
36.7,63.8,78.0,18.3,16.95,6.09,73.56,chickpea
25.4,74.3,80.6,18.74,20.8,6.21,76.1,chickpea
32.5,64.8,79.0,21.97,23.8,6.94,79.23,chickpea
32.4,59.0,79.0,17.2,19.76,6.81,70.69,chickpea
39.3,73.2,82.2,19.67,23.7,6.2,84.76,chickpea
22.5,70.9,77.8,21.39,24.44,6.22,76.57,chickpea
39.6,64.7,83.6,19.94,18.75,6.43,70.08,chickpea
35.2,62.7,80.1,19.46,20.77,7.3,89.52,chickpea
28.2,71.6,82.6,19.87,24.56,6.3,67.73,chickpea
37.1,63.8,83.5,21.47,15.62,7.33,76.21,chickpea
30.2,67.5,84.3,17.1,19.77,7.03,83.07,chickpea
33.9,57.7,78.0,18.79,23.04,6.42,70.27,chickpea
39.1,55.2,85.0,20.38,23.28,6.44,65.36,chickpea
34.8,71.7,82.4,17.71,22.53,7.15,81.46,chickpea
35.3,71.9,81.1,17.44,19.88,6.12,75.19,chickpea
28.1,56.3,78.5,17.55,23.08,7.42,66.81,chickpea
39.1,65.5,78.0,17.38,20.01,7.19,82.68,chickpea
21.0,56.5,79.0,18.48,17.32,6.42,85.09,chickpea
38.6,63.1,84.1,18.61,19.76,6.34,81.01,chickpea
39.6,67.1,78.6,20.24,16.23,7.33,77.58,chickpea
29.0,66.7,81.2,17.36,21.83,6.36,82.85,chickpea
36.5,71.1,80.5,19.6,16.43,7.16,71.79,chickpea
29.9,60.7,76.3,20.15,15.54,7.12,72.94,chickpea
20.0,65.2,75.5,18.38,22.07,6.09,85.98,chickpea
20.1,59.9,82.4,18.58,16.02,6.54,71.76,chickpea
36.9,61.3,82.9,21.46,19.34,7.36,74.43,chickpea
39.3,56.8,81.9,19.47,18.88,6.95,82.6,chickpea
20.1,58.3,82.1,20.33,24.66,7.14,88.77,chickpea
34.1,61.0,76.1,20.91,21.44,6.07,74.0,chickpea
39.1,65.0,79.3,19.29,17.09,6.55,74.25,chickpea
21.0,70.4,79.2,21.11,23.5,6.32,81.43,chickpea
29.4,72.6,77.2,20.39,21.08,6.44,68.42,chickpea
33.0,69.8,78.2,20.22,18.95,7.07,69.98,chickpea
37.8,60.7,78.7,17.29,16.12,6.77,71.69,chickpea
36.7,55.3,78.8,18.69,15.19,6.19,75.34,chickpea
29.9,63.1,80.3,19.98,15.1,6.7,89.09,chickpea
30.4,68.6,78.1,20.87,22.73,6.78,89.4,chickpea
22.5,55.3,82.7,21.04,16.2,6.4,65.44,chickpea
25.9,70.5,80.2,18.74,18.72,6.0,72.5,chickpea
32.9,74.5,83.5,17.12,23.99,7.17,84.51,chickpea
29.2,63.0,78.0,17.33,17.28,6.37,77.1,chickpea
34.9,64.5,75.6,21.79,24.43,7.18,89.78,chickpea
30.9,74.3,75.8,18.83,17.25,6.29,68.52,chickpea
32.4,70.6,80.8,17.73,23.11,6.95,74.7,chickpea
33.5,60.2,78.5,21.59,17.91,6.7,87.25,chickpea
34.2,56.2,76.5,17.04,21.31,6.67,68.36,chickpea
39.2,65.6,77.4,19.5,21.8,6.11,71.87,chickpea
36.1,64.2,80.5,19.16,15.44,6.25,76.14,chickpea
24.2,56.0,83.4,21.91,22.93,7.28,71.05,chickpea
39.2,58.9,84.5,21.97,22.12,7.47,79.24,chickpea
25.2,63.7,80.9,17.37,21.22,7.47,69.75,chickpea
30.9,73.2,24.4,23.64,60.21,5.99,128.16,kidneybeans
18.2,64.5,22.2,17.23,61.41,5.83,74.64,kidneybeans
26.3,70.4,20.0,15.11,55.09,5.68,143.36,kidneybeans
19.6,67.7,17.2,17.9,63.48,5.86,68.59,kidneybeans
23.6,55.6,19.8,20.96,56.19,5.64,95.81,kidneybeans
33.4,74.9,15.4,21.85,58.72,5.7,127.88,kidneybeans
33.4,74.0,20.8,18.21,62.88,5.63,110.77,kidneybeans
22.2,68.1,17.4,16.72,64.18,5.55,105.54,kidneybeans
19.4,55.8,15.4,16.58,63.67,5.64,145.54,kidneybeans
26.6,63.7,20.8,19.65,62.59,5.64,91.77,kidneybeans
32.9,73.9,23.9,18.78,62.8,5.74,104.78,kidneybeans
19.1,66.8,16.9,17.98,63.55,5.6,66.4,kidneybeans
16.4,73.8,20.1,18.68,63.11,5.92,89.9,kidneybeans
28.9,70.4,21.5,16.36,63.76,5.77,85.42,kidneybeans
23.5,55.8,16.3,21.89,55.0,5.71,107.03,kidneybeans
16.1,74.5,17.3,17.74,58.04,5.62,60.13,kidneybeans
29.6,74.3,17.2,20.97,62.42,5.92,98.04,kidneybeans
21.1,61.5,22.1,22.35,56.82,5.69,141.17,kidneybeans
31.1,74.7,22.5,18.54,60.91,5.83,67.06,kidneybeans
25.9,69.2,16.7,22.03,60.84,5.98,63.82,kidneybeans
20.3,67.0,18.0,21.43,62.59,5.55,106.25,kidneybeans
25.2,62.4,24.3,22.45,61.97,5.86,101.55,kidneybeans
33.4,68.9,22.3,22.76,57.74,5.9,77.57,kidneybeans
21.9,61.7,24.8,22.71,62.01,5.86,110.59,kidneybeans
33.9,64.9,18.8,16.47,62.86,5.87,94.59,kidneybeans
15.5,71.8,15.1,21.33,64.7,5.72,81.15,kidneybeans
29.1,71.3,20.5,23.7,55.52,5.75,124.66,kidneybeans
32.3,58.6,23.0,19.97,58.97,5.57,137.88,kidneybeans
18.1,61.2,17.9,22.84,61.73,5.9,82.54,kidneybeans
27.5,66.4,23.3,23.15,55.12,5.84,64.67,kidneybeans
26.0,60.8,18.1,18.18,61.21,5.67,125.94,kidneybeans
23.1,56.4,22.8,17.57,59.33,5.84,89.92,kidneybeans
16.1,62.5,24.4,20.78,61.71,5.82,77.91,kidneybeans
23.4,70.0,16.0,17.5,57.76,5.72,148.23,kidneybeans
16.4,65.4,16.8,23.74,56.13,5.7,126.41,kidneybeans
29.1,63.5,18.5,18.58,57.64,5.6,103.47,kidneybeans
20.4,60.7,21.6,23.72,61.04,5.54,66.8,kidneybeans
34.0,60.9,15.9,20.39,61.24,5.82,84.07,kidneybeans
15.3,74.3,17.5,21.08,62.07,5.81,88.16,kidneybeans
20.4,67.0,23.7,23.52,56.06,5.58,145.03,kidneybeans
29.7,72.7,17.0,20.29,62.01,5.84,96.73,kidneybeans
15.3,66.7,17.5,19.05,64.58,5.7,135.58,kidneybeans
18.8,68.4,24.8,15.92,55.08,5.72,68.34,kidneybeans
30.0,73.3,19.3,17.33,59.34,5.86,60.81,kidneybeans
26.8,67.3,21.4,17.18,62.14,5.55,77.93,kidneybeans
32.5,69.8,15.1,17.24,57.14,5.64,82.28,kidneybeans
16.3,64.2,22.3,20.46,61.73,5.54,145.63,kidneybeans
31.8,71.1,23.2,23.39,60.44,5.6,115.51,kidneybeans
29.9,69.8,20.2,15.62,58.71,5.96,112.6,kidneybeans
25.8,60.4,18.7,23.06,61.66,5.89,100.89,kidneybeans
27.6,60.0,22.1,18.85,59.43,5.82,144.27,kidneybeans
16.3,71.5,17.9,19.0,55.22,5.65,105.24,kidneybeans
16.1,64.8,24.3,15.95,62.64,5.7,118.97,kidneybeans
20.2,58.2,16.6,15.63,56.86,5.83,139.35,kidneybeans
31.3,68.7,16.1,17.6,58.1,5.62,106.35,kidneybeans
25.7,62.1,18.5,22.46,62.89,5.65,142.24,kidneybeans
34.1,61.5,18.5,19.55,64.41,5.94,69.23,kidneybeans
22.9,66.1,20.0,16.74,63.59,5.84,135.41,kidneybeans
32.2,70.0,19.4,20.49,56.6,5.84,76.13,kidneybeans
28.9,59.6,16.2,16.49,55.02,5.86,125.92,kidneybeans
25.3,58.2,15.8,15.17,56.66,5.95,81.74,kidneybeans
22.1,57.1,17.2,19.67,61.08,5.62,65.2,kidneybeans
22.8,59.7,17.2,23.64,61.16,5.78,97.42,kidneybeans
23.6,65.8,22.0,21.32,56.72,5.75,97.08,kidneybeans
32.4,67.6,20.3,16.04,61.06,5.56,90.35,kidneybeans
17.9,68.8,17.1,18.53,63.96,5.6,105.7,kidneybeans
23.4,55.4,22.9,15.62,59.74,5.78,116.56,kidneybeans
28.8,60.1,15.1,21.51,60.36,5.92,133.92,kidneybeans
31.9,64.7,18.3,22.12,59.51,5.59,136.95,kidneybeans
32.7,64.3,15.8,18.49,63.04,5.95,78.31,kidneybeans
16.3,72.5,18.9,19.88,64.68,5.53,118.35,kidneybeans
16.5,62.5,23.0,18.9,64.97,5.78,88.9,kidneybeans
19.4,62.0,18.7,15.62,58.7,5.73,125.05,kidneybeans
28.1,69.2,15.1,16.96,61.62,5.74,60.48,kidneybeans
31.1,70.5,20.5,15.6,62.67,5.79,130.38,kidneybeans
30.0,71.1,20.2,16.26,61.71,5.81,126.8,kidneybeans
18.4,58.9,23.9,21.75,64.08,5.88,113.74,kidneybeans
28.1,72.8,20.8,20.69,56.56,5.74,124.48,kidneybeans
20.4,59.0,18.1,17.17,57.15,5.71,141.71,kidneybeans
25.1,58.8,15.8,21.27,58.83,5.91,119.36,kidneybeans
30.9,60.4,21.9,17.38,64.39,5.82,89.21,kidneybeans
20.4,58.8,21.9,16.97,60.95,5.63,119.58,kidneybeans
31.3,70.6,22.6,16.69,55.88,5.85,93.15,kidneybeans
23.6,55.6,17.6,15.3,63.79,5.62,110.16,kidneybeans
15.8,68.3,18.2,23.08,63.88,5.66,141.09,kidneybeans
34.9,71.5,23.4,17.24,60.77,5.53,68.54,kidneybeans
35.0,61.5,22.5,22.26,63.58,6.0,81.73,kidneybeans
15.8,63.2,16.3,15.2,58.6,5.89,110.96,kidneybeans
21.3,68.1,17.3,15.13,62.64,5.81,128.61,kidneybeans
15.8,71.7,21.2,20.07,61.25,5.93,112.82,kidneybeans
26.6,74.8,22.6,18.98,62.07,5.69,80.6,kidneybeans
26.9,73.6,24.3,18.08,60.28,5.61,149.61,kidneybeans
34.6,68.0,23.0,21.44,60.93,5.53,100.93,kidneybeans
28.5,68.6,18.7,23.48,56.67,5.75,122.18,kidneybeans
28.9,68.0,17.8,16.41,61.36,5.8,76.14,kidneybeans
29.1,64.1,21.7,22.54,56.7,5.51,130.12,kidneybeans
27.2,69.0,23.4,22.23,64.61,5.77,103.96,kidneybeans
23.0,58.1,20.7,17.49,64.21,5.79,113.36,kidneybeans
22.1,56.0,15.3,18.81,55.85,5.8,139.29,kidneybeans
32.7,68.2,17.1,22.77,63.86,5.6,126.37,kidneybeans
20.7,71.1,25.0,25.3,62.43,6.25,177.6,pigeonpeas
24.3,71.9,18.4,28.35,41.68,6.95,163.53,pigeonpeas
32.1,73.8,18.6,28.86,41.78,5.42,110.64,pigeonpeas
24.4,60.4,18.7,26.67,43.68,6.95,158.34,pigeonpeas
34.4,63.8,19.9,32.98,48.16,5.6,110.93,pigeonpeas
17.6,60.1,20.5,31.74,41.56,5.42,162.81,pigeonpeas
17.9,61.9,24.1,26.55,42.07,5.97,117.22,pigeonpeas
26.3,71.1,19.0,30.81,52.64,5.29,146.16,pigeonpeas
20.5,64.8,18.6,29.6,47.66,6.64,95.13,pigeonpeas
23.4,64.2,23.1,30.74,56.68,6.55,167.6,pigeonpeas
21.3,65.8,23.9,34.89,62.24,5.74,107.56,pigeonpeas
24.8,69.8,21.4,29.83,60.96,5.72,167.38,pigeonpeas
23.1,61.6,21.2,32.62,43.15,5.39,175.63,pigeonpeas
18.5,66.4,22.1,29.9,56.12,5.46,139.74,pigeonpeas
22.4,68.2,19.0,30.71,44.63,5.56,109.68,pigeonpeas
18.7,71.5,20.0,34.27,64.25,6.14,102.87,pigeonpeas
22.5,71.0,20.6,25.87,53.92,6.69,161.63,pigeonpeas
18.5,68.5,19.5,27.18,61.85,5.5,113.69,pigeonpeas
15.0,72.4,23.5,31.27,58.76,5.3,131.25,pigeonpeas
22.0,56.9,21.4,34.21,41.0,5.58,108.68,pigeonpeas
19.8,73.2,21.3,29.66,59.01,5.31,133.85,pigeonpeas
23.6,66.9,25.0,32.69,49.95,6.66,105.36,pigeonpeas
15.6,59.1,20.4,30.11,55.38,6.82,135.89,pigeonpeas
25.0,56.0,18.2,30.51,50.95,6.68,104.46,pigeonpeas
15.5,64.0,19.7,25.5,58.11,5.22,144.75,pigeonpeas
20.6,58.5,20.7,33.01,49.8,6.5,101.29,pigeonpeas
30.5,59.7,22.7,30.66,63.23,5.77,95.95,pigeonpeas
15.4,71.5,21.7,32.75,45.86,5.69,92.71,pigeonpeas
34.2,68.4,24.5,27.65,55.29,6.36,118.58,pigeonpeas
32.0,73.9,24.2,32.39,46.94,5.56,176.7,pigeonpeas
15.2,69.3,22.9,31.23,64.75,5.62,120.6,pigeonpeas
16.6,63.9,19.8,28.43,60.86,6.87,106.72,pigeonpeas
22.5,73.6,18.4,25.92,44.07,6.19,103.54,pigeonpeas
34.4,63.9,21.5,27.47,51.77,6.32,157.61,pigeonpeas
30.1,66.6,24.3,33.17,58.93,5.11,90.62,pigeonpeas
19.2,68.3,20.9,29.02,62.11,6.79,171.83,pigeonpeas
21.3,68.8,19.9,26.91,44.62,5.68,128.7,pigeonpeas
31.6,57.4,23.1,30.31,47.2,5.99,116.99,pigeonpeas
26.9,63.7,19.2,26.17,53.67,6.8,120.96,pigeonpeas
29.7,68.2,24.5,33.21,54.17,6.31,170.85,pigeonpeas
23.0,61.5,18.1,33.27,60.02,5.21,141.92,pigeonpeas
24.3,57.4,24.9,27.15,41.68,6.19,156.5,pigeonpeas
15.6,68.2,21.7,26.03,44.31,6.14,116.67,pigeonpeas
33.8,71.4,24.9,27.6,64.24,5.86,121.28,pigeonpeas
16.0,56.1,22.8,29.58,45.66,6.23,112.76,pigeonpeas
26.6,62.2,23.8,33.21,51.93,5.7,122.63,pigeonpeas
31.1,61.6,19.5,25.85,51.67,5.96,165.68,pigeonpeas
19.4,62.6,23.7,33.24,49.62,5.92,117.3,pigeonpeas
33.7,57.4,24.5,31.84,53.29,5.07,132.8,pigeonpeas
23.2,58.2,22.6,34.71,54.05,6.43,96.16,pigeonpeas
23.4,57.3,22.3,34.38,56.54,5.15,121.92,pigeonpeas
26.0,63.1,23.8,33.15,55.3,5.75,112.98,pigeonpeas
17.1,62.1,20.9,31.76,56.45,5.14,125.57,pigeonpeas
18.6,58.1,23.8,25.42,50.48,5.34,169.14,pigeonpeas
26.1,59.6,21.5,32.31,63.95,5.44,169.76,pigeonpeas
33.7,73.3,22.4,31.3,50.08,6.5,137.82,pigeonpeas
28.5,63.6,23.1,33.24,43.66,6.67,138.63,pigeonpeas
31.9,63.6,20.7,34.15,46.28,6.69,133.56,pigeonpeas
25.3,61.2,22.0,28.25,40.98,5.54,90.57,pigeonpeas
34.6,74.3,20.8,32.28,48.65,6.34,162.49,pigeonpeas
33.9,63.0,23.5,27.66,64.76,5.05,144.32,pigeonpeas
28.2,68.8,18.8,34.39,44.53,6.25,110.04,pigeonpeas
21.1,65.9,20.9,26.6,44.27,5.84,158.16,pigeonpeas
33.0,56.7,20.8,26.0,40.41,6.32,144.22,pigeonpeas
18.3,59.7,18.2,33.35,64.37,5.27,110.83,pigeonpeas
32.4,73.5,20.9,25.51,40.98,6.15,125.36,pigeonpeas
15.6,66.7,18.1,32.87,47.66,5.08,142.95,pigeonpeas
23.0,74.5,21.8,27.75,57.74,5.54,171.38,pigeonpeas
22.5,66.0,18.4,29.26,60.81,6.61,110.19,pigeonpeas
19.5,71.3,24.5,25.95,51.25,5.67,168.36,pigeonpeas
16.7,59.2,23.3,25.51,52.31,5.88,120.1,pigeonpeas
22.9,65.6,19.1,30.72,60.14,6.52,103.85,pigeonpeas
18.0,60.4,20.5,29.08,56.99,5.11,93.12,pigeonpeas
22.8,68.9,19.4,31.42,46.5,6.77,170.61,pigeonpeas
20.9,59.6,20.9,27.41,56.81,6.65,150.58,pigeonpeas
31.5,62.9,19.1,32.38,49.01,6.34,114.36,pigeonpeas
16.6,74.9,19.1,34.88,64.43,6.59,149.35,pigeonpeas
26.6,72.3,20.0,29.68,55.48,5.82,128.47,pigeonpeas
21.6,66.3,24.0,27.02,63.36,6.38,164.09,pigeonpeas
26.1,70.6,18.1,33.18,41.0,6.78,179.28,pigeonpeas
20.9,59.2,23.4,27.53,61.64,5.21,101.34,pigeonpeas
34.6,68.5,23.9,28.24,56.91,6.19,144.28,pigeonpeas
28.7,66.5,21.0,27.76,59.21,5.45,152.31,pigeonpeas
19.7,67.5,23.2,27.19,41.5,5.26,144.54,pigeonpeas
32.0,55.9,23.1,28.41,51.96,6.86,119.88,pigeonpeas
24.3,55.3,18.6,27.59,40.7,6.26,128.38,pigeonpeas
26.0,58.5,20.1,31.64,64.13,5.1,170.13,pigeonpeas
26.5,66.3,21.5,25.69,42.25,6.2,120.69,pigeonpeas
33.3,63.1,19.0,32.15,47.33,6.05,152.8,pigeonpeas
33.0,70.8,22.7,31.8,63.65,5.59,90.1,pigeonpeas
20.4,59.4,22.6,31.34,54.84,5.03,155.59,pigeonpeas
21.5,68.3,21.9,28.43,43.36,5.19,164.84,pigeonpeas
33.4,68.0,18.7,29.02,58.22,6.56,100.64,pigeonpeas
15.0,69.2,20.5,27.54,40.32,6.08,166.6,pigeonpeas
34.2,66.3,21.6,25.85,53.72,5.76,144.64,pigeonpeas
22.8,59.8,18.7,28.15,42.42,5.35,178.86,pigeonpeas
23.9,65.6,24.1,34.96,54.57,6.62,119.42,pigeonpeas
21.1,63.1,22.7,31.82,47.88,5.27,146.92,pigeonpeas
17.6,66.6,22.9,32.01,58.84,6.75,135.0,pigeonpeas
29.6,67.4,19.3,25.26,47.11,5.89,145.54,pigeonpeas
27.0,38.9,16.3,31.74,42.16,5.41,56.35,mothbeans
20.8,36.7,15.6,25.74,51.71,5.68,40.52,mothbeans
22.8,51.4,15.4,28.49,53.79,4.51,43.85,mothbeans
22.3,53.0,23.1,29.08,54.6,4.96,58.84,mothbeans
19.3,38.8,22.0,28.9,47.17,7.15,30.94,mothbeans
16.3,36.1,22.7,29.91,46.63,6.2,47.82,mothbeans
25.1,44.1,19.1,31.54,45.02,3.98,56.3,mothbeans
29.4,42.6,15.6,27.38,50.12,4.15,59.61,mothbeans
30.0,44.0,18.5,27.8,42.3,7.03,48.67,mothbeans
17.7,48.2,19.4,29.54,41.23,6.75,72.32,mothbeans
23.0,54.1,16.5,28.34,52.04,5.83,48.07,mothbeans
16.8,37.5,18.9,26.14,54.69,4.34,32.64,mothbeans
21.0,46.9,23.7,29.04,46.91,6.71,54.31,mothbeans
11.6,46.3,24.1,27.77,45.93,4.07,36.82,mothbeans
18.7,46.9,15.8,31.58,55.1,5.85,67.28,mothbeans
11.6,44.5,21.3,30.8,55.67,4.61,72.34,mothbeans
12.5,52.5,24.7,26.24,54.44,3.66,48.24,mothbeans
20.3,46.6,24.4,29.71,49.63,6.74,72.77,mothbeans
10.4,54.7,15.9,30.7,45.61,4.03,49.79,mothbeans
22.9,42.6,15.5,29.2,58.05,5.03,39.73,mothbeans
18.9,36.0,23.2,30.78,51.76,4.91,65.99,mothbeans
21.1,51.5,21.3,30.49,51.97,5.16,73.11,mothbeans
20.8,47.1,17.2,29.38,51.43,4.24,32.68,mothbeans
22.1,50.3,20.2,26.59,53.33,3.82,49.88,mothbeans
13.3,38.7,17.0,27.71,41.02,5.09,53.03,mothbeans
19.7,42.7,23.4,26.02,50.11,3.75,33.2,mothbeans
21.5,46.3,23.8,28.91,59.2,3.69,34.41,mothbeans
10.9,38.7,20.4,29.52,40.91,7.28,67.9,mothbeans
15.9,36.5,16.7,25.89,42.47,5.57,41.06,mothbeans
17.2,54.8,21.8,31.64,42.85,5.03,54.96,mothbeans
11.5,35.1,21.7,29.49,48.22,5.46,48.69,mothbeans
10.5,41.7,16.8,25.69,59.13,5.9,62.79,mothbeans
16.3,42.9,17.4,25.68,43.58,6.69,60.49,mothbeans
20.9,44.5,24.2,25.51,45.61,4.9,65.21,mothbeans
29.9,39.8,23.7,30.81,44.49,5.1,48.44,mothbeans
29.6,38.6,23.0,27.34,54.62,5.18,56.03,mothbeans
26.7,51.1,23.7,25.42,53.84,4.06,48.71,mothbeans
21.0,43.1,20.2,31.98,42.7,6.2,47.82,mothbeans
12.7,38.2,24.5,31.16,58.14,7.47,39.37,mothbeans
17.1,48.4,19.8,27.93,47.16,5.88,55.9,mothbeans
13.2,44.4,20.5,28.99,44.2,6.47,31.13,mothbeans
17.1,50.6,20.6,26.83,53.9,5.77,65.83,mothbeans
24.7,47.2,19.9,25.93,45.23,5.18,56.97,mothbeans
20.3,40.8,15.1,28.47,45.71,6.44,31.08,mothbeans
21.7,53.8,16.7,28.3,41.83,6.0,54.77,mothbeans
18.1,45.4,24.0,26.37,40.45,6.95,55.97,mothbeans
27.8,46.9,23.1,28.01,55.0,7.15,55.75,mothbeans
13.6,40.4,17.0,26.73,46.13,5.72,56.46,mothbeans
18.5,47.3,15.8,25.61,43.44,5.57,39.63,mothbeans
15.7,43.0,23.1,25.1,52.99,6.18,65.94,mothbeans
28.7,35.4,16.5,31.2,49.17,5.76,59.84,mothbeans
23.6,53.6,25.0,30.04,45.74,7.02,32.21,mothbeans
14.6,52.9,17.6,26.54,42.76,6.94,52.5,mothbeans
23.5,39.8,22.6,30.32,46.25,5.14,39.44,mothbeans
29.5,47.9,24.3,27.12,55.64,6.56,61.12,mothbeans
29.3,42.9,16.3,29.7,54.59,5.8,39.31,mothbeans
20.1,41.2,19.3,29.52,54.9,4.43,48.24,mothbeans
15.4,39.0,22.8,31.36,47.4,6.51,70.36,mothbeans
26.9,38.7,24.6,27.64,46.78,3.75,51.88,mothbeans
12.2,40.0,18.2,30.66,57.51,4.71,68.64,mothbeans
27.1,50.3,16.5,29.83,58.9,6.23,44.92,mothbeans
20.0,47.9,20.1,25.84,46.24,6.71,68.76,mothbeans
12.7,54.0,18.3,29.64,55.04,6.75,72.56,mothbeans
16.3,52.2,16.3,29.94,54.84,6.21,41.35,mothbeans
27.5,38.4,15.5,30.02,49.51,6.9,47.25,mothbeans
13.4,51.7,20.5,26.32,54.41,5.54,57.19,mothbeans
19.2,51.6,23.3,29.97,42.11,6.86,60.2,mothbeans
23.9,42.3,23.8,30.08,42.25,5.13,69.89,mothbeans
10.9,54.2,21.8,29.42,45.41,4.5,72.39,mothbeans
16.0,50.5,18.9,25.97,40.21,5.68,73.91,mothbeans
17.4,42.1,18.4,28.64,48.81,7.02,52.75,mothbeans
20.2,37.8,24.8,26.75,41.47,6.15,56.79,mothbeans
18.3,43.4,22.9,26.37,56.41,6.09,48.85,mothbeans
19.2,40.1,22.5,28.59,46.42,5.88,74.81,mothbeans
18.7,53.4,18.5,25.38,44.08,5.17,39.88,mothbeans
10.0,53.3,23.4,30.2,43.36,3.98,33.04,mothbeans
24.5,53.6,19.3,25.83,50.25,4.9,46.87,mothbeans
22.4,49.4,16.1,25.25,59.89,4.43,32.42,mothbeans
13.8,35.8,18.9,30.62,46.82,5.28,60.4,mothbeans
20.2,52.2,23.7,25.07,55.56,5.34,74.5,mothbeans
19.7,54.7,22.5,26.74,50.77,7.47,68.59,mothbeans
11.9,49.1,18.5,25.05,48.07,4.44,66.85,mothbeans
16.7,51.6,15.0,27.15,44.82,4.43,33.07,mothbeans
13.7,46.1,17.9,27.92,47.54,7.0,70.74,mothbeans
19.9,41.6,16.1,31.67,41.2,4.69,43.41,mothbeans
16.4,38.3,22.8,25.86,52.7,4.0,33.17,mothbeans
28.2,38.8,23.2,28.81,41.56,7.32,41.11,mothbeans
27.2,38.4,23.5,25.09,50.24,6.58,72.07,mothbeans
28.2,51.4,23.9,26.39,45.68,4.66,46.97,mothbeans
17.9,45.9,16.6,29.84,43.35,4.74,52.65,mothbeans
25.9,49.8,21.5,26.09,50.94,3.85,46.98,mothbeans
18.3,35.8,17.7,31.69,59.07,4.91,31.94,mothbeans
13.6,42.8,24.5,25.99,55.27,3.93,74.16,mothbeans
17.6,50.5,18.4,29.39,43.84,4.08,72.21,mothbeans
28.4,52.7,21.3,30.66,41.38,4.84,44.12,mothbeans
22.7,42.1,16.5,29.18,56.29,5.03,35.95,mothbeans
13.9,39.7,18.0,29.5,52.02,6.28,46.31,mothbeans
26.5,39.1,19.7,30.61,43.6,3.94,69.77,mothbeans
16.9,48.7,15.3,29.83,46.32,3.72,57.44,mothbeans
14.8,42.7,15.8,26.03,45.96,3.86,70.99,mothbeans
10.1,44.7,16.2,27.92,89.26,6.36,59.32,mungbean
14.1,49.8,20.5,29.65,85.54,6.73,43.91,mungbean
13.3,53.3,18.3,28.12,87.6,6.54,59.04,mungbean
24.8,46.9,23.8,27.15,82.57,6.67,44.54,mungbean
24.9,53.4,19.2,28.03,89.62,6.64,49.78,mungbean
17.0,53.2,20.7,29.29,88.12,6.54,48.67,mungbean
27.0,42.3,22.9,29.82,86.23,6.94,56.1,mungbean
26.9,42.9,15.5,28.21,86.74,6.65,54.98,mungbean
17.1,47.7,16.9,29.25,85.46,6.4,45.84,mungbean
25.0,44.7,17.2,29.9,87.15,7.16,48.54,mungbean
19.5,53.0,20.3,29.12,82.52,6.65,42.47,mungbean
14.1,35.0,15.4,29.93,82.42,6.86,56.78,mungbean
21.0,38.1,22.3,28.8,87.31,6.97,59.51,mungbean
21.5,41.8,21.5,27.21,88.97,6.32,46.56,mungbean
26.3,46.9,18.9,28.42,88.55,6.54,57.39,mungbean
11.8,50.5,23.5,27.55,84.3,6.37,54.13,mungbean
20.7,47.7,17.0,27.64,80.41,6.52,51.19,mungbean
27.2,48.3,19.4,29.86,87.19,7.13,50.55,mungbean
15.2,36.1,22.3,27.36,83.03,6.73,51.29,mungbean
22.0,38.3,18.8,28.85,89.7,6.93,58.45,mungbean
25.2,46.8,16.9,29.0,86.23,6.8,49.8,mungbean
20.6,41.7,20.2,27.59,88.05,6.39,41.7,mungbean
18.7,48.2,19.4,27.83,85.58,6.55,58.66,mungbean
28.5,45.0,18.3,29.21,80.37,6.67,46.73,mungbean
28.4,35.2,20.5,29.22,84.85,6.29,59.45,mungbean
20.4,47.3,17.4,28.45,84.29,6.27,42.12,mungbean
26.7,39.8,16.9,28.51,87.69,6.26,51.54,mungbean
12.4,35.7,15.5,29.5,81.18,6.25,48.76,mungbean
26.9,40.2,19.2,27.12,84.49,6.78,51.42,mungbean
16.6,41.3,16.1,28.1,80.99,6.97,59.33,mungbean
29.4,52.3,21.0,29.1,82.85,6.83,49.11,mungbean
19.6,50.2,17.8,27.95,89.25,6.26,49.71,mungbean
28.3,47.2,20.5,27.75,83.43,7.05,51.18,mungbean
20.3,37.0,15.2,29.89,83.77,6.8,41.59,mungbean
23.7,53.7,20.8,27.38,85.82,6.97,48.13,mungbean
27.6,48.0,24.0,28.87,81.31,6.51,44.04,mungbean
28.2,50.2,21.8,27.9,81.84,6.96,49.48,mungbean
14.5,47.3,15.4,27.98,84.69,6.35,59.69,mungbean
14.2,37.6,17.0,29.31,84.26,6.77,40.42,mungbean
10.7,43.9,23.2,29.66,80.87,6.74,58.26,mungbean
17.8,51.6,16.3,29.81,87.51,7.14,53.53,mungbean
17.3,53.8,17.8,28.0,87.01,6.97,58.59,mungbean
14.1,51.0,22.4,27.19,83.87,6.48,46.09,mungbean
29.7,47.9,22.2,29.93,83.77,7.0,48.69,mungbean
27.4,38.6,24.5,27.66,83.26,6.96,47.88,mungbean
22.2,43.9,22.4,27.68,80.58,6.5,49.49,mungbean
13.4,42.1,19.0,27.17,85.83,7.08,43.03,mungbean
22.0,48.3,19.2,29.1,84.11,6.7,40.15,mungbean
23.8,48.2,15.4,28.1,89.79,6.62,50.04,mungbean
28.2,49.3,20.8,29.39,88.64,6.66,49.5,mungbean
17.7,54.3,22.0,27.25,88.63,6.68,41.38,mungbean
21.0,43.3,23.8,27.61,88.26,6.76,41.09,mungbean
29.4,45.3,17.9,28.41,88.58,6.5,43.85,mungbean
12.6,41.0,22.8,28.41,82.27,6.37,46.65,mungbean
28.8,41.9,24.9,28.46,81.79,7.09,49.21,mungbean
24.2,54.7,15.5,27.29,87.2,6.48,43.69,mungbean
10.8,35.4,22.7,27.4,84.68,6.81,48.57,mungbean
10.5,50.7,15.1,29.29,88.93,6.63,50.71,mungbean
19.5,42.8,23.9,29.68,83.36,6.82,58.54,mungbean
29.2,45.2,19.5,27.84,89.59,6.34,51.6,mungbean
15.7,40.6,19.0,30.0,80.55,6.78,41.65,mungbean
13.1,43.8,20.1,27.78,83.16,6.29,46.06,mungbean
29.3,53.9,18.3,28.71,89.1,6.21,56.21,mungbean
29.0,36.8,16.6,29.88,85.38,6.21,45.15,mungbean
19.0,48.9,22.3,29.99,82.88,6.74,50.67,mungbean
18.1,38.4,24.8,29.56,84.98,6.8,44.55,mungbean
20.9,48.9,20.2,29.97,86.11,6.57,55.44,mungbean
13.4,42.7,18.5,28.3,87.82,6.68,55.88,mungbean
21.5,41.8,23.1,27.71,82.24,6.7,45.22,mungbean
10.2,48.0,20.1,28.34,89.67,6.77,57.27,mungbean
12.8,46.4,23.7,28.75,87.18,6.57,41.85,mungbean
19.2,42.9,23.7,27.73,89.67,7.16,44.95,mungbean
17.0,52.9,24.7,28.33,83.21,6.73,53.76,mungbean
15.5,49.7,15.5,27.15,83.86,6.55,46.31,mungbean
19.8,41.4,16.9,27.93,89.75,6.61,48.89,mungbean
21.5,54.7,17.4,29.04,87.16,6.81,41.77,mungbean
23.5,36.3,21.0,29.22,82.11,7.04,40.61,mungbean
26.9,44.2,17.2,27.4,89.53,6.27,43.98,mungbean
17.0,47.4,20.4,27.38,82.9,6.44,44.27,mungbean
18.2,49.1,17.2,28.1,83.91,7.18,59.09,mungbean
26.0,39.8,15.7,27.95,82.67,6.71,55.55,mungbean
27.2,51.9,18.6,29.06,83.13,6.26,54.03,mungbean
10.2,43.2,18.3,29.08,87.66,6.5,56.23,mungbean
15.9,43.9,22.3,29.08,89.87,6.43,53.25,mungbean
22.2,53.3,16.6,29.26,85.68,6.47,49.49,mungbean
16.7,46.6,23.9,28.71,86.32,6.72,41.02,mungbean
14.7,44.8,18.1,27.55,85.04,6.52,45.16,mungbean
19.3,37.7,24.3,29.6,87.08,6.31,55.52,mungbean
26.2,50.4,16.1,28.93,88.34,6.78,52.93,mungbean
19.2,45.6,15.3,28.92,80.81,6.64,45.85,mungbean
20.9,37.7,21.9,29.39,81.63,6.3,42.91,mungbean
27.5,45.6,19.7,27.32,86.5,7.07,56.56,mungbean
22.5,36.5,16.1,27.15,82.57,6.34,45.2,mungbean
17.7,53.9,21.1,29.5,87.1,6.31,54.72,mungbean
15.5,47.8,18.4,29.99,82.64,6.48,58.61,mungbean
10.5,48.9,22.3,29.51,89.74,7.18,41.31,mungbean
26.4,47.9,21.5,27.39,86.5,7.18,58.24,mungbean
18.8,35.8,18.6,29.48,87.01,6.66,41.1,mungbean
18.5,44.4,24.3,28.92,83.12,6.73,41.32,mungbean
29.5,42.2,19.8,28.07,86.83,6.86,54.31,mungbean
35.4,61.3,16.3,31.56,60.4,7.1,77.39,blackgram
47.8,64.0,19.6,25.77,66.71,7.32,64.89,blackgram
38.4,71.8,23.8,27.43,65.51,6.69,62.04,blackgram
48.2,71.4,22.6,25.49,68.44,6.94,66.85,blackgram
40.9,56.8,22.6,30.82,61.87,6.69,63.68,blackgram
31.1,66.8,23.4,25.17,60.49,7.07,76.39,blackgram
36.5,62.0,21.0,27.74,60.27,7.24,72.51,blackgram
41.6,69.8,21.8,27.06,63.52,6.63,62.6,blackgram
43.5,72.2,24.6,31.28,61.84,6.61,76.26,blackgram
41.6,67.4,22.8,32.03,68.34,6.56,74.95,blackgram
47.0,60.7,21.4,28.14,69.58,6.53,71.6,blackgram
33.3,69.2,16.8,27.35,64.94,7.41,64.23,blackgram
32.9,70.2,20.0,34.12,61.47,7.15,64.66,blackgram
33.1,68.7,20.9,32.55,63.09,6.95,68.11,blackgram
49.7,60.8,17.9,28.55,65.65,6.75,78.31,blackgram
35.3,72.9,16.0,31.57,69.07,6.67,79.37,blackgram
39.1,73.9,21.8,28.02,61.88,6.8,61.86,blackgram
32.9,57.1,19.2,32.96,61.41,6.63,72.87,blackgram
33.9,57.0,16.7,34.24,68.21,6.85,73.12,blackgram
40.7,68.5,21.8,31.29,62.66,6.54,69.11,blackgram
47.8,66.4,23.3,34.92,61.64,7.19,73.49,blackgram
49.6,74.7,21.9,27.44,67.99,6.61,75.61,blackgram
48.2,62.7,21.3,29.3,64.38,6.81,75.24,blackgram
48.7,73.8,16.7,33.75,67.37,6.75,61.35,blackgram
35.4,73.2,21.3,32.21,62.57,7.22,60.56,blackgram
37.5,67.5,16.5,33.23,62.35,7.15,68.1,blackgram
41.9,57.1,15.2,34.1,62.7,7.32,79.99,blackgram
34.2,60.3,21.6,34.65,69.16,7.0,75.9,blackgram
32.7,74.5,24.6,26.64,62.99,6.6,65.43,blackgram
46.3,62.6,15.9,28.42,69.81,7.13,68.32,blackgram
33.3,74.7,23.2,27.81,60.7,6.56,62.41,blackgram
41.6,73.6,20.0,33.43,64.46,7.21,74.64,blackgram
33.5,62.2,21.4,25.71,63.62,7.03,79.92,blackgram
39.5,71.3,19.3,32.96,65.95,7.39,68.22,blackgram
42.1,67.6,19.2,26.44,60.94,6.52,77.47,blackgram
34.7,59.2,22.4,28.2,65.06,6.66,79.19,blackgram
47.0,72.3,19.1,32.62,61.44,6.51,60.4,blackgram
41.7,64.1,20.2,25.07,64.23,7.22,68.85,blackgram
44.6,59.7,23.1,30.88,62.11,6.74,72.56,blackgram
46.6,63.3,17.6,33.67,66.69,6.95,69.76,blackgram
34.1,67.5,18.6,34.96,64.8,6.99,71.32,blackgram
48.3,71.0,19.5,32.19,65.86,6.99,63.85,blackgram
39.3,59.9,24.1,28.35,69.52,7.03,72.63,blackgram
40.9,57.6,18.8,25.99,66.23,6.95,75.56,blackgram
34.4,58.3,19.1,34.27,67.1,6.92,70.35,blackgram
31.7,74.7,21.7,27.85,65.86,6.61,79.32,blackgram
33.5,68.0,17.5,32.18,67.77,7.17,72.29,blackgram
47.8,56.6,18.3,27.48,69.88,6.89,74.65,blackgram
43.7,59.2,17.4,27.81,64.11,6.73,60.39,blackgram
47.6,74.3,18.4,28.39,60.07,7.18,76.51,blackgram
32.9,58.2,22.9,31.16,60.45,7.12,66.18,blackgram
37.4,70.4,23.1,29.0,69.47,6.91,75.44,blackgram
39.7,73.0,24.1,25.87,69.36,7.33,75.83,blackgram
34.0,71.1,23.5,27.89,69.52,6.55,63.0,blackgram
40.8,66.5,21.5,25.17,69.6,6.54,62.86,blackgram
30.3,66.3,24.3,31.66,68.23,6.51,70.84,blackgram
39.2,65.0,15.7,31.84,65.03,7.27,69.71,blackgram
33.0,68.0,16.7,33.72,66.13,6.66,79.25,blackgram
40.4,56.5,21.3,27.53,68.04,7.32,79.58,blackgram
40.0,64.1,22.5,26.32,65.47,7.05,61.79,blackgram
38.4,72.1,23.6,25.99,60.91,6.76,77.5,blackgram
32.6,69.4,16.0,31.23,63.56,7.29,64.67,blackgram
42.8,59.7,22.1,33.74,61.27,7.37,71.87,blackgram
32.5,63.6,16.6,32.0,67.59,6.61,70.12,blackgram
46.3,73.7,20.1,34.5,65.36,6.89,76.96,blackgram
39.9,64.4,19.9,33.47,68.32,6.9,66.67,blackgram
39.8,66.5,17.4,32.94,64.86,6.83,62.14,blackgram
34.8,74.0,18.1,26.69,64.61,6.81,60.7,blackgram
36.5,65.9,20.5,28.57,64.47,7.47,67.55,blackgram
35.2,59.9,19.6,32.6,62.06,7.21,60.42,blackgram
38.4,70.5,18.4,30.64,62.05,7.24,61.05,blackgram
47.1,59.0,23.7,28.53,67.23,6.82,78.12,blackgram
32.5,58.6,19.9,25.82,61.96,7.44,79.53,blackgram
37.5,73.5,20.4,27.7,67.02,7.16,79.78,blackgram
35.3,68.4,15.5,26.14,60.04,7.5,76.05,blackgram
45.7,65.2,18.0,26.51,62.85,6.88,75.13,blackgram
40.8,56.5,15.2,26.02,64.1,7.43,72.75,blackgram
46.0,64.3,18.6,26.08,68.76,7.28,63.36,blackgram
40.2,64.7,21.3,34.46,65.8,7.04,61.01,blackgram
31.3,58.7,15.3,32.43,67.23,6.64,76.72,blackgram
33.1,61.0,17.5,28.72,62.55,6.99,68.15,blackgram
49.7,56.1,16.4,25.53,66.26,6.55,76.73,blackgram
40.2,65.5,20.6,26.71,61.98,6.82,71.87,blackgram
34.2,57.3,24.7,25.22,68.03,7.29,65.94,blackgram
32.7,57.9,22.0,31.43,67.83,7.44,73.84,blackgram
33.1,59.9,23.4,27.09,60.73,7.2,68.05,blackgram
48.4,68.0,15.9,34.48,62.59,6.84,68.05,blackgram
31.0,64.9,16.2,29.01,63.51,7.27,76.06,blackgram
33.1,62.3,18.7,26.51,67.98,7.21,63.81,blackgram
37.3,57.1,21.3,26.21,69.86,7.28,67.8,blackgram
41.6,73.2,20.5,26.74,63.79,7.34,72.88,blackgram
43.0,72.3,23.9,34.2,60.95,7.04,74.81,blackgram
45.1,67.1,16.7,32.97,67.2,6.59,69.28,blackgram
33.5,61.7,15.2,29.0,65.5,7.12,73.27,blackgram
46.7,59.3,16.2,33.52,61.57,7.47,76.85,blackgram
40.0,74.6,16.0,28.03,66.38,6.85,78.57,blackgram
31.3,66.0,20.9,31.53,62.56,6.86,76.87,blackgram
33.9,71.5,20.6,32.62,67.14,6.71,71.38,blackgram
47.4,63.6,24.7,29.52,61.43,6.89,79.03,blackgram
36.4,72.4,23.8,28.5,60.83,7.22,66.23,blackgram
30.7,63.9,19.9,27.33,63.82,6.44,42.52,lentil
22.3,65.5,23.1,22.34,65.24,6.67,40.39,lentil
20.6,73.7,22.2,24.93,66.48,6.03,47.36,lentil
25.2,65.9,18.6,18.98,61.93,6.95,43.17,lentil
24.3,56.1,15.4,26.61,65.38,6.51,39.86,lentil
29.9,58.4,16.9,23.53,62.86,6.25,47.9,lentil
28.0,71.5,19.2,18.88,62.74,6.98,46.93,lentil
29.2,55.1,20.2,18.45,65.69,6.92,54.37,lentil
25.8,64.2,24.5,26.08,60.65,6.47,39.8,lentil
24.4,64.1,20.8,22.28,61.64,6.5,51.6,lentil
28.3,61.8,24.4,28.95,62.09,6.04,49.83,lentil
31.6,74.4,23.9,25.21,65.3,6.03,39.93,lentil
24.2,67.6,20.6,26.91,62.8,6.56,36.76,lentil
23.3,70.0,21.9,29.89,62.78,6.5,41.59,lentil
23.8,72.1,21.8,28.59,62.04,6.87,36.2,lentil
32.8,61.6,18.1,24.15,69.41,6.05,42.04,lentil
32.1,62.9,17.0,23.1,63.86,6.92,50.24,lentil
25.1,74.8,19.7,18.7,62.62,6.44,38.14,lentil
34.0,70.3,17.7,25.09,67.21,6.94,52.63,lentil
25.3,70.5,20.6,24.63,61.15,6.13,45.59,lentil
20.4,55.4,22.2,18.39,65.95,6.54,54.38,lentil
24.7,56.3,20.5,28.09,69.97,6.43,41.41,lentil
33.1,58.8,21.2,22.87,60.41,6.35,40.3,lentil
28.7,74.0,17.7,27.74,60.55,6.54,36.41,lentil
33.7,70.3,21.6,27.89,66.48,6.97,49.28,lentil
33.5,65.3,16.2,24.34,61.27,6.59,44.65,lentil
27.5,55.2,16.9,23.9,69.51,6.38,43.49,lentil
29.3,67.1,18.0,22.93,62.18,6.97,37.61,lentil
22.4,55.5,17.2,27.37,62.01,6.08,44.49,lentil
15.2,56.7,23.1,27.26,69.15,6.85,48.66,lentil
16.0,70.7,23.5,27.59,65.08,6.23,51.91,lentil
29.5,74.6,16.6,20.71,62.12,6.79,38.74,lentil
16.3,75.0,15.2,28.02,63.65,6.84,46.09,lentil
33.0,73.5,15.1,18.9,62.5,6.67,52.77,lentil
24.2,67.1,16.9,27.66,69.67,6.27,44.9,lentil
16.7,66.2,20.0,19.73,64.42,6.33,45.44,lentil
26.7,55.2,22.6,26.56,63.66,6.05,50.1,lentil
34.1,59.8,18.2,20.21,65.77,6.15,42.12,lentil
28.9,66.2,18.9,23.04,65.62,6.01,36.57,lentil
32.6,56.6,22.1,29.04,62.71,6.37,46.38,lentil
32.6,73.8,22.4,19.04,66.69,6.41,44.41,lentil
16.0,58.8,22.9,23.45,63.02,6.38,52.09,lentil
30.0,60.4,16.2,21.02,69.21,6.58,45.67,lentil
26.9,62.3,23.1,24.28,61.17,6.13,45.74,lentil
33.7,61.2,23.7,27.17,62.48,6.04,37.04,lentil
29.6,59.0,18.7,24.02,67.25,6.11,43.13,lentil
24.7,65.8,23.2,20.06,68.08,6.69,46.12,lentil
29.0,63.2,16.4,25.99,65.25,6.64,41.76,lentil
33.1,66.7,15.9,23.4,67.56,6.79,44.89,lentil
32.9,60.4,19.1,28.78,68.96,6.69,52.18,lentil
16.8,72.3,18.2,20.14,62.39,6.42,40.02,lentil
21.4,57.7,18.0,24.87,64.42,6.35,49.93,lentil
32.9,70.1,18.3,26.93,61.52,6.13,41.91,lentil
31.2,59.9,15.6,19.58,68.59,6.63,40.06,lentil
26.1,65.6,21.6,20.8,68.64,6.31,48.88,lentil
15.3,62.5,18.5,24.52,60.73,6.79,39.36,lentil
28.5,71.1,20.6,26.89,66.62,6.36,51.18,lentil
20.9,66.4,22.5,22.55,63.03,6.46,51.36,lentil
33.6,65.9,21.6,28.84,60.99,6.23,49.18,lentil
31.5,72.1,19.2,19.07,64.38,6.23,40.82,lentil
30.4,56.5,23.3,23.13,65.96,6.09,41.75,lentil
16.8,74.2,23.1,23.52,62.24,6.93,41.89,lentil
18.2,66.3,24.4,18.05,62.38,6.94,38.42,lentil
17.3,66.4,23.6,23.73,69.95,6.68,36.48,lentil
34.9,63.2,17.9,24.69,63.04,6.09,35.03,lentil
24.0,71.7,20.7,29.99,62.87,6.28,38.19,lentil
18.3,60.7,22.9,28.87,69.75,6.23,52.63,lentil
21.6,57.3,23.7,25.63,61.65,6.43,40.75,lentil
29.7,64.1,24.9,18.66,63.55,6.48,45.06,lentil
21.3,69.6,23.7,29.26,68.05,6.85,46.01,lentil
31.5,61.1,19.0,21.8,64.67,6.29,54.23,lentil
21.3,57.0,20.3,18.69,61.11,6.22,44.29,lentil
23.7,71.0,22.4,23.12,63.34,6.32,50.48,lentil
16.0,55.3,23.0,23.73,61.31,6.24,53.65,lentil
32.2,69.2,19.8,24.24,69.75,6.97,39.31,lentil
31.2,58.9,17.1,26.11,64.05,6.93,36.78,lentil
25.2,73.4,24.0,19.88,63.67,6.62,38.19,lentil
34.4,73.3,16.7,19.45,60.85,6.91,38.87,lentil
23.3,64.0,21.0,18.86,62.27,6.93,53.17,lentil
30.6,55.4,18.3,25.54,62.75,6.91,47.68,lentil
16.4,73.2,24.6,18.93,65.32,6.3,42.86,lentil
18.6,66.6,24.6,24.04,60.83,6.62,41.8,lentil
32.1,63.7,16.9,20.29,67.69,6.27,50.34,lentil
19.1,61.4,19.7,29.32,69.32,6.21,42.16,lentil
18.0,65.2,19.6,28.81,69.3,6.38,44.83,lentil
32.9,71.1,15.0,21.84,64.22,6.23,38.99,lentil
15.8,67.9,17.6,18.63,62.31,6.8,52.03,lentil
24.7,63.3,24.8,20.41,62.15,6.29,38.46,lentil
22.6,73.2,21.2,22.94,69.34,6.05,39.21,lentil
26.3,67.3,15.4,22.84,66.49,6.7,47.76,lentil
21.4,56.9,19.3,19.55,69.48,6.48,41.35,lentil
30.3,65.0,18.1,27.74,68.67,6.67,35.94,lentil
26.3,70.3,16.4,20.74,68.82,6.02,50.05,lentil
24.5,63.9,15.1,27.83,63.6,6.54,48.55,lentil
29.1,74.1,20.3,22.8,69.54,6.64,40.96,lentil
17.5,71.9,18.6,25.93,64.71,6.2,47.03,lentil
16.2,63.3,20.5,23.23,67.49,6.83,50.42,lentil
15.8,58.9,20.4,29.22,68.35,6.84,41.06,lentil
23.6,64.4,16.6,18.37,69.47,6.24,39.8,lentil
16.7,73.6,20.8,26.0,69.12,6.35,47.43,lentil
15.8,13.7,43.3,23.37,88.51,6.14,108.0,pomegranate
15.0,14.8,37.1,19.75,93.06,5.98,102.87,pomegranate
25.1,27.3,37.4,18.55,88.56,6.77,108.26,pomegranate
31.3,29.2,42.9,22.23,89.93,5.57,114.76,pomegranate
22.7,13.0,41.7,19.99,90.86,6.5,106.69,pomegranate
31.7,15.3,39.5,21.76,91.64,6.83,105.92,pomegranate
27.9,13.0,44.3,20.68,92.3,5.53,103.08,pomegranate
24.7,27.6,40.3,24.51,89.84,6.33,101.8,pomegranate
31.1,14.9,44.0,24.38,94.43,6.38,110.16,pomegranate
30.6,12.6,41.0,18.24,89.98,5.76,102.74,pomegranate
22.3,18.6,41.2,18.52,90.04,5.81,108.61,pomegranate
27.7,21.1,42.4,20.35,92.65,6.24,107.26,pomegranate
28.0,10.4,41.5,22.33,88.1,5.65,101.36,pomegranate
33.5,23.8,36.3,20.5,90.92,6.92,100.65,pomegranate
19.7,27.8,35.1,19.41,94.59,6.54,103.93,pomegranate
16.3,10.6,37.4,24.17,89.16,6.72,113.77,pomegranate
23.2,13.8,40.2,24.36,93.04,5.61,110.39,pomegranate
26.4,28.1,36.2,21.74,93.79,6.2,107.23,pomegranate
16.4,15.6,38.2,24.62,87.83,6.28,110.07,pomegranate
18.2,19.7,42.4,24.07,91.26,6.64,101.89,pomegranate
33.9,12.7,42.7,19.85,94.34,6.72,111.31,pomegranate
19.4,18.9,41.2,23.39,86.04,7.14,113.35,pomegranate
20.4,26.5,40.2,21.23,88.14,6.49,110.95,pomegranate
23.2,22.6,42.0,22.98,85.52,6.96,106.87,pomegranate
20.2,14.8,39.8,24.21,88.78,6.77,101.45,pomegranate
24.5,29.8,42.7,19.47,90.01,5.9,106.14,pomegranate
30.6,25.4,37.3,24.46,90.93,6.15,107.53,pomegranate
27.1,21.2,39.9,21.53,86.76,6.88,108.13,pomegranate
17.6,25.3,44.3,24.63,88.69,5.73,107.78,pomegranate
17.3,28.7,36.8,19.77,89.07,6.15,111.92,pomegranate
24.1,13.4,37.7,21.56,86.47,6.54,108.49,pomegranate
29.3,28.8,44.1,24.62,87.45,5.72,104.53,pomegranate
32.9,29.4,43.6,18.77,94.47,6.22,100.14,pomegranate
23.8,10.9,40.4,20.37,89.73,6.54,113.03,pomegranate
28.2,18.7,43.2,24.34,86.2,6.4,104.27,pomegranate
15.9,23.4,43.6,19.14,93.12,6.95,113.72,pomegranate
20.3,28.1,38.2,21.87,85.51,5.57,110.81,pomegranate
23.9,15.1,36.9,22.69,85.0,6.87,101.19,pomegranate
18.8,17.7,39.8,20.48,88.21,7.14,109.62,pomegranate
15.5,18.6,43.8,20.11,85.95,6.79,109.09,pomegranate
26.4,11.1,36.4,22.36,87.08,6.36,108.17,pomegranate
20.7,29.0,43.4,23.06,85.78,5.68,107.39,pomegranate
18.2,29.6,36.6,21.41,88.64,6.59,101.94,pomegranate
23.6,15.5,43.9,18.28,94.14,6.92,104.46,pomegranate
30.8,10.6,44.7,21.69,88.03,6.12,101.0,pomegranate
34.8,10.8,41.5,21.1,94.49,5.92,107.98,pomegranate
24.6,24.1,35.7,19.36,87.15,6.75,102.84,pomegranate
26.5,14.3,43.6,24.6,90.18,6.1,103.51,pomegranate
16.0,15.4,41.5,21.74,94.44,6.17,110.41,pomegranate
24.8,20.3,37.7,21.18,89.71,6.7,114.11,pomegranate
21.6,10.8,40.0,21.81,86.68,6.79,114.77,pomegranate
33.9,13.9,43.8,22.93,89.54,6.42,112.74,pomegranate
24.6,17.5,39.9,22.05,86.89,7.03,110.11,pomegranate
27.7,12.0,41.0,18.85,85.79,6.4,106.04,pomegranate
26.8,11.8,39.3,19.22,94.87,6.45,110.31,pomegranate
21.5,11.9,44.8,20.0,89.24,6.6,100.37,pomegranate
31.2,20.7,37.8,18.43,86.62,7.02,110.29,pomegranate
20.0,11.3,41.9,22.01,89.05,6.12,103.25,pomegranate
28.4,29.4,36.8,22.18,89.24,6.26,103.81,pomegranate
31.5,19.7,40.4,20.13,86.82,5.65,110.71,pomegranate
18.9,23.8,38.9,20.91,89.69,6.13,101.51,pomegranate
21.2,23.3,41.7,20.0,89.6,5.83,103.16,pomegranate
15.5,27.9,37.1,19.59,87.8,5.72,109.59,pomegranate
16.5,12.7,41.4,20.38,92.08,6.45,103.84,pomegranate
28.0,12.3,40.4,21.06,87.68,6.53,113.07,pomegranate
35.0,22.2,39.0,19.58,87.57,6.32,105.51,pomegranate
33.3,17.4,38.7,20.68,93.37,6.61,109.21,pomegranate
21.7,26.4,35.4,24.1,90.13,6.18,107.46,pomegranate
28.3,10.3,43.7,21.13,88.43,5.74,106.59,pomegranate
24.9,18.1,41.8,20.95,94.61,6.52,112.11,pomegranate
17.2,17.9,38.4,21.99,93.61,5.63,101.09,pomegranate
32.0,14.3,41.7,21.8,93.33,5.71,101.95,pomegranate
26.1,28.9,39.1,20.29,91.07,7.08,112.55,pomegranate
34.9,10.5,36.1,22.27,93.21,5.98,103.59,pomegranate
30.7,11.1,38.7,21.54,90.6,6.74,105.32,pomegranate
27.3,21.7,40.5,22.48,87.59,5.64,101.79,pomegranate
19.5,20.0,43.4,22.91,92.89,6.1,106.07,pomegranate
22.9,13.8,35.6,22.14,94.89,5.78,100.7,pomegranate
30.6,15.1,43.3,22.93,94.46,6.2,109.93,pomegranate
24.3,22.6,39.5,19.32,90.08,6.4,112.16,pomegranate
29.7,23.3,36.1,23.04,90.0,7.02,113.8,pomegranate
16.1,26.4,35.4,20.57,90.42,5.75,111.19,pomegranate
15.2,13.4,40.8,23.0,94.17,6.7,110.08,pomegranate
22.9,10.0,36.2,21.74,91.75,6.21,110.96,pomegranate
25.4,11.5,36.9,23.88,92.25,7.02,101.76,pomegranate
34.8,14.2,35.1,24.98,87.81,6.64,102.65,pomegranate
26.6,28.1,38.2,22.69,86.88,6.56,105.05,pomegranate
19.2,16.3,36.8,24.31,88.97,5.92,106.73,pomegranate
21.4,24.9,44.7,21.07,93.61,6.46,102.36,pomegranate
28.8,20.3,41.5,24.23,89.4,7.03,111.26,pomegranate
24.8,22.1,38.3,24.89,91.67,5.57,104.9,pomegranate
27.5,11.1,35.2,21.15,88.33,6.25,103.94,pomegranate
18.3,23.8,40.1,19.4,88.2,6.51,101.08,pomegranate
17.9,11.5,43.1,23.27,92.53,6.72,110.04,pomegranate
24.5,22.8,35.4,22.35,92.78,6.35,105.36,pomegranate
20.5,22.9,41.9,24.1,88.42,6.81,108.42,pomegranate
32.7,20.6,40.2,22.05,92.49,7.14,101.1,pomegranate
16.1,28.8,40.3,22.3,89.82,5.66,111.52,pomegranate
29.9,16.2,38.1,23.86,85.72,7.0,103.85,pomegranate
26.9,28.7,41.8,20.9,91.9,6.08,104.16,pomegranate
114.9,88.8,51.4,26.78,75.49,5.53,106.63,banana
109.1,83.4,53.4,25.17,78.67,5.74,103.42,banana
91.8,93.9,47.2,29.61,79.26,6.49,106.62,banana
113.3,70.1,52.5,29.52,76.4,5.6,102.74,banana
113.3,83.6,50.3,25.71,75.01,6.31,92.63,banana
105.8,92.9,47.1,28.33,75.79,6.1,94.92,banana
108.4,77.5,49.6,28.0,76.71,6.24,99.08,banana
106.6,74.0,51.9,25.64,79.25,5.75,112.45,banana
96.6,92.0,53.9,25.98,81.14,5.59,101.75,banana
107.8,86.5,51.2,26.41,78.78,5.6,111.57,banana
102.6,87.7,47.5,26.62,78.34,5.53,100.23,banana
110.1,92.4,50.2,27.28,75.31,6.38,90.39,banana
113.6,82.2,48.4,29.62,75.24,6.08,106.47,banana
95.5,80.7,51.5,28.64,75.01,6.44,94.94,banana
95.8,76.6,45.4,25.62,84.86,5.82,93.46,banana
92.7,88.0,53.5,26.28,75.21,5.72,91.7,banana
92.6,80.8,47.3,27.58,77.53,6.44,117.18,banana
104.2,78.9,48.8,27.06,82.28,5.95,115.7,banana
113.6,78.4,50.6,25.48,77.0,5.91,96.19,banana
111.9,74.0,49.6,28.03,81.92,5.88,116.07,banana
104.2,81.0,45.7,27.32,83.21,6.11,114.96,banana
102.4,73.0,45.1,26.52,81.98,6.29,98.87,banana
102.4,80.5,49.1,26.16,76.36,5.7,91.66,banana
95.0,70.2,51.3,26.58,84.73,5.69,100.37,banana
98.9,70.2,53.4,25.16,84.4,6.39,106.07,banana
103.6,86.3,48.9,28.24,75.45,5.55,103.72,banana
103.7,92.2,46.0,29.11,77.1,5.89,99.5,banana
100.0,73.8,50.0,29.01,79.42,5.99,115.46,banana
107.7,82.3,47.6,29.42,80.77,5.72,98.07,banana
110.1,71.1,54.9,25.65,82.96,5.89,104.77,banana
112.0,80.3,50.4,25.25,75.02,5.74,110.42,banana
93.0,72.8,49.1,28.24,82.12,5.68,92.39,banana
113.5,76.5,53.5,29.32,82.73,5.67,114.65,banana
109.2,84.9,48.4,26.31,76.22,6.01,107.56,banana
99.0,81.9,48.6,28.21,84.01,5.66,101.44,banana
93.5,85.6,52.3,29.66,77.79,6.45,91.9,banana
105.1,71.4,53.9,27.65,81.69,6.33,94.51,banana
91.0,92.0,48.1,25.64,79.68,6.1,90.93,banana
96.9,70.8,49.2,29.48,84.83,6.14,94.85,banana
112.6,82.9,46.5,29.61,82.57,6.23,111.28,banana
95.0,75.3,51.9,26.1,79.39,6.28,113.52,banana
101.3,89.8,53.4,28.27,77.28,5.77,99.45,banana
92.9,76.8,47.1,27.28,84.08,5.6,111.61,banana
107.2,72.4,54.2,27.84,78.64,6.26,97.72,banana
107.3,71.0,53.4,27.24,81.37,5.72,110.31,banana
109.3,81.8,51.2,27.28,83.94,6.0,115.25,banana
110.0,80.3,47.3,27.03,83.26,5.73,105.73,banana
110.2,78.8,51.4,26.23,76.09,6.29,92.97,banana
96.8,91.4,48.5,29.87,84.8,5.77,91.23,banana
107.6,81.3,46.0,28.54,75.31,6.37,94.16,banana
93.2,74.4,54.6,28.47,83.01,5.9,100.09,banana
95.9,82.0,50.5,28.16,77.57,6.45,95.09,banana
114.1,70.4,49.8,26.67,79.49,6.07,103.07,banana
100.4,88.3,51.9,29.17,77.5,6.11,107.56,banana
99.2,82.2,48.1,25.71,77.14,5.61,110.49,banana
106.5,93.8,52.3,25.26,83.84,6.36,103.3,banana
104.6,94.4,50.3,29.53,75.83,5.69,103.22,banana
104.6,90.4,54.9,26.94,75.47,6.3,108.13,banana
95.0,82.4,52.4,28.85,80.0,5.81,119.21,banana
106.6,80.2,47.8,28.66,77.42,5.67,105.9,banana
97.2,85.7,46.2,28.27,77.83,5.5,93.81,banana
113.3,91.7,47.3,28.89,81.09,6.47,101.21,banana
107.0,71.6,49.0,29.82,80.39,5.79,93.61,banana
107.6,86.1,48.7,29.75,75.22,5.8,117.63,banana
98.0,76.3,50.3,29.12,76.03,6.44,113.85,banana
94.5,87.8,48.8,27.01,82.83,6.46,93.8,banana
100.5,82.0,48.8,26.82,75.52,6.19,103.09,banana
94.9,90.4,53.0,27.43,77.98,6.14,98.64,banana
95.9,88.3,45.4,25.47,75.07,5.65,92.07,banana
114.9,77.2,46.5,26.2,84.36,6.02,100.94,banana
111.8,79.9,48.4,26.04,78.78,5.82,110.32,banana
97.2,84.4,45.7,25.96,79.07,6.44,101.32,banana
106.6,76.4,46.3,25.29,78.05,5.66,95.22,banana
109.0,70.4,50.6,26.9,80.07,6.06,99.4,banana
97.4,88.3,53.7,25.96,75.98,6.4,100.5,banana
103.8,79.0,46.3,27.95,80.25,5.7,103.56,banana
109.9,84.8,46.0,27.74,82.03,6.29,108.87,banana
93.8,87.8,51.8,25.12,79.12,5.83,110.08,banana
95.4,84.8,54.1,28.99,84.21,6.48,90.32,banana
105.6,80.3,53.6,26.26,84.81,6.11,113.81,banana
92.1,74.6,52.6,25.11,83.17,5.51,109.71,banana
99.1,85.3,52.0,26.71,76.08,5.57,107.67,banana
103.0,88.6,50.1,27.11,78.98,5.53,100.07,banana
114.4,91.8,48.3,27.94,83.47,5.94,90.54,banana
91.9,82.8,54.7,28.47,75.71,5.69,113.14,banana
111.0,85.4,51.4,25.14,83.29,6.29,97.77,banana
107.7,75.4,45.4,26.01,76.79,5.84,102.55,banana
102.7,81.9,47.7,25.15,81.05,5.9,98.96,banana
111.7,88.7,53.6,27.47,76.31,6.2,96.18,banana
101.0,71.6,53.3,25.63,84.03,6.36,103.94,banana
108.6,85.5,53.0,27.16,82.86,5.96,118.23,banana
102.2,81.6,52.9,29.11,80.54,5.68,104.03,banana
114.2,88.8,53.1,25.16,79.68,6.15,114.9,banana
91.2,91.3,50.5,25.99,78.17,5.78,105.93,banana
91.3,74.0,53.1,25.66,77.33,5.95,105.51,banana
109.1,81.2,52.9,28.09,76.13,5.66,103.11,banana
99.9,88.6,50.8,26.94,76.71,5.73,107.27,banana
100.6,82.9,46.7,28.31,83.53,5.76,104.75,banana
114.4,78.3,51.0,25.45,81.06,5.59,118.78,banana
107.9,89.7,52.0,27.95,79.5,6.36,118.71,banana
20.0,33.6,30.8,31.85,49.54,5.02,90.04,mango
14.8,25.2,28.8,31.04,54.81,5.38,94.52,mango
12.7,16.0,32.8,32.14,52.61,4.87,95.72,mango
15.1,19.6,25.1,28.17,48.09,4.79,99.86,mango
16.2,17.6,27.0,32.29,45.64,6.66,99.61,mango
14.9,24.0,25.2,32.77,49.14,5.18,92.07,mango
23.1,23.3,26.8,33.2,50.65,6.65,91.17,mango
25.7,28.5,26.2,33.25,49.42,6.86,91.42,mango
22.9,22.6,34.6,29.97,54.62,6.75,92.7,mango
26.1,34.9,27.5,30.93,50.2,5.24,90.15,mango
14.4,20.6,29.4,28.54,53.73,6.26,90.85,mango
23.0,28.1,34.6,27.03,47.48,6.82,99.32,mango
24.4,30.3,25.9,31.62,47.32,4.95,98.1,mango
12.7,24.4,34.4,28.67,54.78,6.99,95.56,mango
13.4,21.3,29.2,29.78,47.81,6.93,91.53,mango
24.7,15.0,31.0,35.24,47.88,4.96,96.52,mango
24.3,28.8,28.2,29.27,54.56,6.81,94.57,mango
26.9,24.0,29.2,28.41,49.26,5.84,90.23,mango
18.9,30.6,31.8,32.72,54.1,4.55,95.57,mango
25.7,25.8,28.2,28.23,53.88,5.68,98.78,mango
21.7,28.5,33.0,32.93,48.98,5.78,98.03,mango
17.5,22.8,26.0,35.23,45.91,6.12,94.13,mango
18.1,28.6,25.7,32.34,52.72,6.57,91.71,mango
27.9,28.1,33.8,31.37,50.42,6.8,99.0,mango
19.0,20.5,28.9,30.49,47.87,5.17,98.61,mango
11.4,28.6,26.7,30.1,45.62,5.17,97.68,mango
27.7,19.4,29.6,31.23,53.74,6.41,95.13,mango
23.4,31.9,25.1,30.63,54.07,6.35,95.43,mango
20.6,22.0,30.2,32.9,49.18,6.29,98.61,mango
13.1,24.0,29.1,33.19,47.5,6.1,98.77,mango
18.4,33.2,34.9,27.95,47.33,6.88,99.58,mango
12.0,15.3,26.6,35.96,46.8,5.76,98.48,mango
10.4,27.1,27.8,34.76,47.83,6.22,96.74,mango
14.4,15.7,29.1,29.6,53.09,6.5,94.57,mango
22.1,27.1,33.3,30.83,47.75,5.16,95.36,mango
19.0,23.8,25.9,33.47,47.14,4.99,94.13,mango
14.6,26.7,28.7,31.04,50.37,5.01,91.56,mango
27.6,23.7,29.1,27.32,49.98,5.89,95.59,mango
24.1,18.5,27.5,34.3,54.47,4.84,94.98,mango
14.3,16.2,28.3,28.29,52.1,5.83,91.44,mango
10.2,31.2,26.8,32.46,48.37,5.96,93.16,mango
11.7,19.5,26.9,30.85,51.58,5.16,90.12,mango
20.4,27.1,34.6,32.31,49.71,5.93,99.28,mango
26.6,21.5,27.4,29.36,50.04,6.36,95.03,mango
11.4,29.5,33.1,29.61,51.64,5.57,98.89,mango
26.9,25.5,31.9,34.95,49.96,5.28,97.54,mango
14.4,22.8,33.7,33.52,49.04,5.04,93.56,mango
15.7,18.5,32.4,29.27,49.54,5.46,99.82,mango
17.8,16.6,25.9,32.32,50.99,5.55,94.32,mango
11.1,25.3,30.0,28.35,46.04,4.81,91.01,mango
22.2,18.9,27.5,28.56,54.58,6.64,92.3,mango
16.6,19.2,29.9,27.18,51.71,5.81,98.99,mango
13.3,31.1,32.9,28.14,48.99,4.93,92.55,mango
15.3,26.1,29.1,35.53,46.26,6.93,92.31,mango
25.5,21.8,26.4,34.72,48.09,6.15,95.66,mango
19.4,24.9,32.3,27.79,51.68,6.74,90.58,mango
12.8,29.3,29.4,30.63,46.37,5.77,91.27,mango
19.5,30.3,27.6,31.33,54.92,6.22,98.41,mango
18.3,30.4,25.4,28.11,47.03,5.5,98.46,mango
16.9,28.1,32.1,32.28,48.57,5.94,93.42,mango
11.7,34.9,26.3,27.65,53.79,5.25,96.5,mango
16.6,22.8,27.6,30.09,49.11,6.3,95.12,mango
28.9,15.8,30.0,32.26,54.2,4.62,95.73,mango
27.1,19.8,33.8,27.17,52.32,6.83,96.57,mango
18.8,15.9,34.2,31.23,45.29,6.22,94.82,mango
12.5,19.3,25.6,32.17,51.22,5.76,98.17,mango
27.2,27.3,25.1,33.26,49.18,5.91,96.49,mango
17.0,33.3,26.3,33.04,45.04,6.81,91.13,mango
11.9,21.7,28.7,28.93,50.85,5.61,90.34,mango
16.4,31.2,31.9,33.52,51.98,5.28,91.0,mango
15.4,31.6,34.8,31.44,45.1,4.85,93.22,mango
21.6,16.5,34.4,30.29,54.13,6.45,97.55,mango
22.1,27.5,31.4,32.66,50.54,6.97,97.32,mango
25.5,32.4,27.2,27.75,49.83,5.79,98.29,mango
18.9,26.4,30.3,27.34,51.15,6.57,91.58,mango
21.9,26.9,26.6,28.11,54.8,5.48,92.27,mango
13.4,28.4,31.1,32.79,45.88,6.73,93.89,mango
16.3,24.2,28.9,34.77,54.29,5.26,98.64,mango
25.6,33.6,27.5,32.19,47.75,6.56,90.05,mango
21.3,21.8,28.2,32.8,53.51,6.02,98.53,mango
15.3,25.4,29.5,27.1,50.57,6.15,95.92,mango
24.7,26.4,25.7,28.05,50.96,5.19,90.8,mango
18.6,26.1,28.3,33.48,51.44,5.33,97.55,mango
23.0,27.7,30.5,27.1,51.97,5.44,99.43,mango
26.4,26.8,27.5,28.83,48.4,5.69,92.96,mango
20.3,18.3,34.8,27.97,54.32,6.78,95.25,mango
24.5,23.7,31.3,30.07,48.01,5.95,94.98,mango
21.6,20.7,28.7,27.76,45.52,5.13,90.74,mango
12.1,31.3,25.4,32.93,47.73,6.68,94.85,mango
16.1,25.4,28.8,32.08,46.15,6.99,94.26,mango
17.0,29.2,28.6,34.5,49.54,6.3,91.07,mango
26.9,29.7,27.1,28.31,48.16,6.94,92.57,mango
19.1,15.6,29.0,32.14,54.53,5.79,98.19,mango
20.9,15.8,28.2,32.18,54.51,6.65,92.28,mango
14.4,19.0,34.2,34.67,52.75,5.48,95.04,mango
19.3,20.1,30.1,27.27,46.32,6.72,97.52,mango
18.5,25.3,28.7,33.67,52.84,6.41,97.23,mango
14.1,21.8,29.7,29.98,52.55,5.32,91.38,mango
18.0,34.6,27.3,32.51,49.33,4.68,94.88,mango
24.0,25.3,33.7,29.6,45.86,6.84,93.78,mango
26.5,139.8,198.2,31.48,80.68,5.79,66.45,grapes
31.2,125.6,202.2,38.3,82.64,6.04,69.61,grapes
21.5,131.9,201.0,39.58,84.69,6.36,73.89,grapes
24.4,136.4,204.0,21.79,84.81,5.92,71.01,grapes
29.2,143.8,197.4,32.38,82.6,5.77,72.77,grapes
26.0,136.5,198.2,24.44,83.09,5.9,66.98,grapes
34.2,132.8,202.3,22.33,81.78,5.91,69.09,grapes
25.9,133.6,200.0,14.04,82.48,5.67,66.26,grapes
33.7,135.1,201.6,22.05,84.54,6.14,72.69,grapes
22.4,144.0,203.2,35.62,80.86,5.77,67.86,grapes
20.4,141.4,195.3,12.28,81.37,5.7,67.32,grapes
31.0,134.1,195.1,22.88,82.04,5.61,71.76,grapes
29.0,138.0,202.3,10.0,84.77,6.31,74.04,grapes
15.3,143.3,203.1,35.12,80.47,6.24,74.6,grapes
28.6,134.3,204.5,23.29,83.0,5.98,74.33,grapes
16.5,132.5,201.9,33.76,82.92,6.41,74.42,grapes
16.3,130.1,195.2,19.88,82.68,6.41,73.47,grapes
17.5,122.3,200.9,25.96,81.33,6.4,74.27,grapes
23.1,142.3,198.8,32.1,82.38,5.62,74.28,grapes
24.1,138.4,198.7,10.57,80.5,6.0,71.9,grapes
21.7,137.4,202.0,31.12,82.46,6.41,69.89,grapes
24.0,125.0,198.1,11.27,83.17,5.75,68.04,grapes
30.4,128.2,197.4,15.07,83.87,5.63,69.54,grapes
25.1,137.2,201.3,34.32,80.22,5.8,67.8,grapes
17.9,127.2,198.1,25.66,83.32,5.88,72.19,grapes
21.7,127.3,200.4,10.71,80.4,5.92,74.43,grapes
29.4,122.2,203.5,31.97,83.05,6.32,69.04,grapes
19.4,132.8,200.5,26.15,82.83,6.45,74.02,grapes
32.5,140.0,204.4,12.95,81.33,6.0,73.47,grapes
25.1,138.7,196.4,17.57,83.66,5.66,68.51,grapes
20.3,128.7,202.1,21.04,82.78,5.6,73.05,grapes
22.4,136.2,202.3,16.29,84.42,6.12,69.29,grapes
18.6,143.6,202.6,16.24,81.69,6.31,71.96,grapes
30.3,131.0,202.2,21.59,81.06,6.13,74.76,grapes
21.2,131.5,201.7,26.25,84.22,6.26,65.58,grapes
35.0,138.8,203.6,29.54,84.28,5.61,68.48,grapes
32.5,125.0,195.8,33.64,84.18,5.66,73.54,grapes
28.7,133.0,203.3,22.58,80.97,5.78,70.05,grapes
25.6,140.1,202.9,27.44,83.9,5.69,65.5,grapes
32.5,121.9,197.5,30.86,82.05,6.38,67.98,grapes
15.2,127.5,200.8,21.28,82.67,6.38,74.12,grapes
20.3,131.6,200.5,38.47,84.99,5.74,72.27,grapes
22.6,120.2,195.1,23.82,82.44,5.52,71.87,grapes
20.9,134.0,198.0,15.01,82.04,5.73,70.35,grapes
19.0,132.7,196.6,30.13,83.77,5.61,69.68,grapes
16.4,135.0,197.6,25.83,82.59,6.42,70.49,grapes
26.7,130.0,204.5,33.32,81.43,6.34,69.32,grapes
31.6,140.6,196.9,31.03,81.45,5.8,67.96,grapes
29.5,125.7,195.0,31.46,80.86,5.6,67.38,grapes
22.6,131.9,195.4,39.12,83.58,5.82,68.19,grapes
24.0,135.7,196.5,15.67,84.3,5.76,68.8,grapes
32.4,136.6,198.4,30.51,80.1,6.24,69.87,grapes
31.3,143.9,204.3,37.28,82.56,5.86,69.65,grapes
28.8,142.1,197.1,37.55,84.08,6.48,73.8,grapes
20.6,122.6,196.1,18.74,83.07,6.3,73.99,grapes
27.5,120.1,196.9,12.99,81.82,6.0,65.43,grapes
22.0,124.5,201.5,23.93,82.48,5.93,74.56,grapes
19.3,132.9,202.4,26.71,84.65,5.88,69.64,grapes
16.8,135.2,197.9,14.81,82.72,6.03,65.76,grapes
29.0,135.6,196.9,24.08,83.6,6.03,68.95,grapes
21.4,135.3,204.4,30.15,80.37,5.96,73.91,grapes
16.9,144.7,204.5,12.35,84.67,5.86,73.45,grapes
23.4,131.0,201.3,33.23,80.17,6.09,66.87,grapes
21.9,128.7,199.7,20.02,80.54,5.65,65.33,grapes
24.4,143.9,196.2,38.39,83.67,6.14,71.45,grapes
31.5,122.7,200.0,30.91,82.93,6.33,65.72,grapes
28.8,133.4,198.8,20.21,83.1,6.39,69.96,grapes
31.5,130.1,196.0,11.85,80.26,5.88,68.37,grapes
29.4,138.6,195.5,16.63,81.37,6.05,66.45,grapes
17.7,143.6,203.0,15.42,82.03,5.86,72.91,grapes
25.2,123.2,202.4,21.91,81.31,5.88,69.98,grapes
21.9,126.0,199.0,10.58,83.86,5.67,65.44,grapes
28.1,139.3,203.1,24.81,81.03,6.24,72.0,grapes
19.9,142.6,196.0,39.48,84.3,6.19,74.39,grapes
29.4,124.8,199.4,12.15,81.95,6.24,68.86,grapes
21.6,134.9,203.7,11.43,81.93,5.66,71.95,grapes
17.1,136.6,197.9,15.97,84.68,5.52,69.38,grapes
15.4,132.1,200.0,19.65,80.66,5.88,71.72,grapes
30.6,133.3,200.9,16.02,81.44,5.66,67.49,grapes
19.5,133.0,200.6,38.35,80.98,6.14,73.17,grapes
26.2,126.4,197.6,11.18,81.53,6.24,65.48,grapes
19.4,137.7,202.8,23.66,83.49,5.89,66.6,grapes
23.0,134.5,204.5,12.06,82.54,5.83,70.08,grapes
15.5,127.8,203.2,26.62,82.25,5.79,67.98,grapes
22.7,140.9,204.7,23.16,81.97,6.35,69.27,grapes
26.0,125.8,202.4,25.96,84.05,6.28,67.15,grapes
29.3,140.0,198.5,15.18,80.01,5.95,68.52,grapes
26.1,124.7,203.6,17.73,81.13,5.98,69.99,grapes
19.3,126.8,196.7,31.55,83.85,5.96,72.14,grapes
29.7,123.5,204.7,34.63,81.02,5.69,66.26,grapes
17.8,138.7,199.7,33.49,83.73,6.1,71.86,grapes
15.4,127.8,201.4,10.28,80.16,6.35,71.84,grapes
20.3,137.2,202.9,19.2,80.18,6.43,68.45,grapes
17.1,132.3,202.7,16.65,81.35,5.74,74.92,grapes
18.9,134.4,204.3,14.41,84.85,6.45,73.85,grapes
19.3,135.9,202.6,39.58,80.9,6.27,68.39,grapes
18.5,130.5,202.9,23.95,82.69,6.5,68.99,grapes
27.3,129.1,198.9,30.87,84.69,6.04,72.68,grapes
16.8,125.3,200.0,10.6,81.26,6.02,65.15,grapes
20.3,132.9,200.7,37.77,83.23,5.91,74.3,grapes
108.5,9.0,46.3,26.03,85.6,6.79,54.78,watermelon
103.8,24.7,50.3,24.34,88.28,6.25,55.55,watermelon
113.7,18.9,51.0,25.38,83.64,6.35,52.73,watermelon
107.5,18.6,47.0,25.48,87.92,6.48,50.73,watermelon
108.1,18.2,49.1,26.69,81.63,7.0,42.38,watermelon
85.4,22.8,47.4,26.19,88.11,6.86,59.83,watermelon
93.8,19.2,46.2,25.22,88.48,6.37,51.82,watermelon
100.1,17.9,54.7,24.17,85.74,6.86,49.63,watermelon
87.4,16.2,48.3,24.46,88.49,6.52,58.67,watermelon
109.2,18.9,45.1,25.28,81.97,6.91,43.49,watermelon
93.6,15.3,47.6,24.63,85.99,6.09,41.16,watermelon
96.2,19.4,50.5,25.27,85.66,6.37,58.72,watermelon
86.6,18.5,53.9,26.41,81.84,6.3,54.34,watermelon
87.5,21.2,52.2,26.19,81.0,6.72,53.6,watermelon
109.9,5.8,45.2,25.12,81.49,6.56,58.35,watermelon
96.7,21.9,45.0,24.51,80.3,6.33,58.16,watermelon
87.9,17.1,49.5,26.82,81.23,6.21,40.59,watermelon
98.0,10.6,53.7,25.81,86.14,6.53,41.84,watermelon
98.4,25.0,53.4,26.68,88.23,6.1,44.55,watermelon
85.1,11.1,46.1,25.42,86.77,6.87,54.98,watermelon
113.2,6.1,45.1,25.98,82.89,6.25,46.62,watermelon
93.1,15.2,49.4,25.54,86.73,6.39,45.03,watermelon
90.0,12.0,52.4,26.27,86.67,6.23,51.76,watermelon
102.1,14.7,50.5,25.48,85.65,6.72,42.19,watermelon
107.5,7.7,45.7,26.93,89.57,6.06,48.87,watermelon
90.6,14.7,53.3,26.85,86.34,6.35,52.07,watermelon
94.4,23.2,53.7,25.67,83.25,6.29,40.67,watermelon
109.5,14.0,48.3,25.41,88.19,6.12,57.15,watermelon
111.9,23.9,49.0,24.65,83.74,6.33,43.52,watermelon
103.2,14.5,53.7,24.1,86.44,6.76,55.19,watermelon
111.6,19.6,54.3,25.0,85.03,6.01,40.14,watermelon
92.2,7.0,47.6,24.53,80.29,6.91,40.16,watermelon
107.1,8.0,54.1,26.68,86.54,6.67,40.11,watermelon
114.5,22.6,54.0,25.98,83.45,6.89,45.83,watermelon
101.9,7.0,54.2,24.42,82.25,6.56,55.28,watermelon
103.6,9.6,45.0,26.27,89.85,6.81,49.2,watermelon
112.1,13.2,50.2,25.43,84.48,6.78,50.54,watermelon
94.5,10.2,45.4,25.75,82.3,6.15,53.08,watermelon
105.4,20.0,50.0,26.68,89.36,6.81,52.71,watermelon
94.1,24.7,47.7,24.61,84.42,6.06,59.57,watermelon
102.7,16.1,51.6,25.49,80.32,6.61,54.32,watermelon
97.5,20.1,47.3,24.66,81.61,6.37,56.94,watermelon
109.8,12.7,50.9,26.16,82.41,6.17,59.44,watermelon
103.5,24.6,48.4,26.11,82.23,6.26,50.24,watermelon
94.6,8.4,47.6,24.11,87.04,6.49,41.88,watermelon
90.2,7.1,51.1,24.28,87.54,6.02,44.99,watermelon
111.7,19.4,45.7,26.46,84.93,6.85,52.01,watermelon
105.5,24.9,47.3,25.87,84.6,6.04,40.29,watermelon
88.6,18.0,50.7,25.66,80.32,6.47,58.49,watermelon
96.9,17.5,52.8,26.35,85.19,6.86,47.83,watermelon
111.7,9.8,47.8,24.16,87.96,6.42,44.58,watermelon
92.0,23.0,53.3,25.66,86.16,6.47,47.83,watermelon
112.5,7.5,49.2,25.03,84.98,6.46,50.38,watermelon
89.2,15.3,47.4,24.55,80.65,6.76,48.55,watermelon
103.8,19.6,51.8,25.41,83.88,6.38,52.8,watermelon
99.8,22.0,53.7,24.51,81.36,6.63,46.02,watermelon
85.6,22.8,47.3,26.79,87.17,6.76,44.03,watermelon
92.0,15.4,46.7,24.92,83.21,6.16,44.1,watermelon
108.7,8.3,45.3,25.89,89.76,6.33,42.37,watermelon
102.1,23.1,52.8,25.87,83.15,6.54,41.82,watermelon
105.4,19.5,54.7,24.78,80.18,6.55,54.14,watermelon
108.7,8.9,47.6,25.54,83.31,6.86,49.48,watermelon
109.0,16.6,52.7,25.0,88.31,6.27,50.92,watermelon
91.4,14.5,48.2,24.8,89.67,6.16,55.75,watermelon
114.5,5.4,52.0,24.76,80.4,6.4,58.7,watermelon
85.4,16.8,50.0,26.62,80.84,6.68,53.6,watermelon
105.1,23.8,53.2,24.13,84.71,6.4,46.2,watermelon
98.5,12.7,49.3,26.94,80.89,6.92,49.6,watermelon
103.7,21.6,48.6,25.29,84.1,6.37,58.51,watermelon
109.9,7.2,46.1,25.28,80.99,6.62,42.87,watermelon
100.7,5.1,48.2,26.03,84.84,6.98,57.48,watermelon
95.8,5.9,53.5,26.73,88.21,6.13,59.96,watermelon
92.8,19.5,54.1,24.71,89.08,6.31,59.53,watermelon
93.4,24.1,45.5,26.13,85.32,6.48,44.47,watermelon
106.2,8.8,50.5,24.76,89.56,6.03,43.99,watermelon
92.3,13.3,47.3,25.47,88.72,6.71,51.6,watermelon
87.7,18.9,46.7,26.36,82.5,6.42,47.01,watermelon
110.8,7.5,50.7,24.43,87.05,6.91,48.69,watermelon
99.6,23.5,50.2,25.46,85.78,6.69,42.14,watermelon
109.6,13.7,45.7,26.36,83.77,6.1,52.68,watermelon
111.4,22.8,54.6,26.6,80.02,6.38,56.37,watermelon
96.0,17.0,51.1,25.1,89.04,6.5,49.3,watermelon
114.9,14.9,46.8,25.54,88.14,6.78,55.77,watermelon
106.2,10.1,53.6,26.68,81.94,6.13,59.51,watermelon
111.0,22.9,53.9,25.63,86.46,6.55,41.02,watermelon
107.4,15.1,51.5,25.51,84.92,6.17,45.57,watermelon
89.8,8.9,54.7,24.46,82.69,6.59,52.2,watermelon
89.6,20.9,52.9,24.71,82.89,6.94,56.51,watermelon
105.9,6.6,49.2,25.68,81.87,6.45,52.02,watermelon
94.8,20.6,53.4,24.97,88.39,6.1,56.75,watermelon
89.6,6.7,51.4,25.42,89.08,6.36,45.74,watermelon
100.0,14.1,48.4,26.08,87.6,6.85,59.46,watermelon
93.0,19.3,48.9,26.03,84.76,6.99,54.58,watermelon
113.6,21.7,54.0,26.44,84.59,6.25,47.41,watermelon
85.6,15.5,50.1,25.58,89.74,6.91,43.23,watermelon
96.1,13.5,48.6,26.4,85.24,6.57,57.06,watermelon
109.2,7.6,52.1,25.31,82.95,6.05,49.74,watermelon
95.7,10.0,51.9,26.31,82.45,6.05,56.98,watermelon
85.3,23.7,51.3,24.97,82.46,6.01,44.71,watermelon
89.1,17.2,46.7,25.59,85.9,6.3,40.7,watermelon
86.1,5.5,52.4,27.95,93.98,6.35,24.53,muskmelon
100.4,19.3,47.7,27.36,92.78,6.26,24.42,muskmelon
104.4,14.9,51.2,28.63,93.7,6.56,25.34,muskmelon
105.4,22.5,49.3,28.24,93.82,6.47,20.71,muskmelon
111.8,5.6,52.5,29.28,94.77,6.04,25.97,muskmelon
97.8,11.6,45.9,28.69,92.4,6.08,26.12,muskmelon
107.1,20.3,54.1,28.23,94.77,6.69,22.97,muskmelon
89.8,13.7,49.0,28.73,92.92,6.6,25.1,muskmelon
88.1,22.2,48.1,29.91,90.59,6.77,20.91,muskmelon
91.9,5.9,52.1,29.55,92.17,6.74,25.9,muskmelon
103.9,21.9,48.0,28.06,94.53,6.72,29.76,muskmelon
112.1,7.5,53.2,28.23,94.95,6.38,25.54,muskmelon
100.9,11.4,45.8,29.69,94.01,6.11,27.77,muskmelon
103.8,13.2,47.5,29.58,93.5,6.44,26.1,muskmelon
87.7,14.5,46.9,27.63,93.31,6.73,24.04,muskmelon
91.2,18.0,53.7,29.24,94.34,6.43,27.52,muskmelon
89.2,12.0,48.9,28.53,94.65,6.7,21.35,muskmelon
90.2,12.2,47.9,28.84,94.51,6.77,26.54,muskmelon
110.1,15.5,47.1,28.57,92.78,6.59,22.2,muskmelon
96.0,12.3,54.6,28.33,93.78,6.6,22.66,muskmelon
102.2,22.9,49.8,29.84,91.07,6.06,28.91,muskmelon
110.4,24.9,51.8,29.81,94.13,6.68,25.69,muskmelon
96.5,23.7,49.3,28.62,92.23,6.45,24.71,muskmelon
86.4,22.6,49.4,28.77,90.7,6.0,22.45,muskmelon
106.1,7.0,54.1,27.65,91.02,6.15,20.14,muskmelon
108.2,22.5,51.1,27.56,91.43,6.38,29.54,muskmelon
92.4,19.6,49.4,27.89,92.28,6.06,27.99,muskmelon
92.3,19.5,45.7,29.87,90.97,6.71,28.09,muskmelon
114.0,14.6,52.3,28.11,90.92,6.35,21.66,muskmelon
114.5,6.9,50.9,28.88,92.69,6.53,21.16,muskmelon
101.7,10.7,54.4,29.29,94.86,6.03,22.85,muskmelon
90.9,5.2,47.4,29.04,91.16,6.41,28.88,muskmelon
105.8,12.9,48.7,28.37,90.89,6.51,23.64,muskmelon
110.6,20.1,51.1,28.09,91.05,6.62,24.86,muskmelon
91.7,8.9,46.7,29.33,91.14,6.42,24.52,muskmelon
102.4,22.5,53.7,28.35,90.08,6.34,26.06,muskmelon
101.7,18.0,46.5,28.94,90.91,6.6,23.39,muskmelon
106.3,6.0,49.1,29.12,91.13,6.64,26.31,muskmelon
102.6,12.1,49.8,28.79,92.36,6.56,24.34,muskmelon
91.1,9.3,45.1,27.9,93.74,6.64,22.02,muskmelon
113.8,15.0,54.2,29.12,93.61,6.07,22.2,muskmelon
85.3,19.3,48.4,29.36,91.69,6.66,21.31,muskmelon
90.2,11.8,49.1,28.05,93.82,6.08,23.51,muskmelon
110.1,6.3,54.4,29.96,90.44,6.23,23.72,muskmelon
108.3,16.9,51.4,29.27,90.59,6.67,27.06,muskmelon
102.3,22.8,52.0,27.61,92.15,6.4,20.55,muskmelon
113.6,7.6,52.0,28.52,90.13,6.74,28.52,muskmelon
100.7,9.6,46.2,28.09,91.28,6.41,29.66,muskmelon
102.2,22.8,51.5,28.43,94.27,6.38,28.69,muskmelon
93.7,7.6,53.6,28.76,94.45,6.75,20.54,muskmelon
100.0,12.5,51.3,29.38,91.4,6.45,27.09,muskmelon
89.0,21.3,51.1,29.85,91.7,6.09,25.07,muskmelon
87.6,24.4,45.4,29.26,92.63,6.29,20.66,muskmelon
103.7,16.7,47.8,29.73,91.52,6.36,25.44,muskmelon
88.0,23.6,48.7,27.24,91.94,6.48,25.14,muskmelon
105.8,6.1,47.8,29.46,90.4,6.68,20.92,muskmelon
110.0,12.2,51.1,27.46,90.33,6.17,21.28,muskmelon
94.4,15.3,50.9,29.37,93.28,6.49,24.12,muskmelon
99.2,13.3,53.4,27.69,90.03,6.52,22.02,muskmelon
111.7,22.2,45.8,27.32,92.48,6.49,22.75,muskmelon
106.5,16.9,48.2,27.08,93.75,6.17,28.34,muskmelon
97.6,16.5,53.7,29.59,91.86,6.17,27.75,muskmelon
98.0,8.8,54.0,27.59,90.13,6.02,26.22,muskmelon
104.9,11.2,48.2,28.02,93.4,6.05,29.29,muskmelon
91.7,25.0,46.7,29.31,91.12,6.06,28.75,muskmelon
110.8,13.1,52.0,28.67,94.26,6.25,25.24,muskmelon
99.6,12.1,53.9,27.5,90.75,6.46,26.57,muskmelon
90.8,12.8,54.5,27.74,93.34,6.59,24.48,muskmelon
113.1,19.7,49.6,28.71,93.46,6.47,28.79,muskmelon
95.7,11.0,47.1,27.11,90.22,6.7,26.78,muskmelon
104.8,17.3,53.5,28.44,94.35,6.29,29.27,muskmelon
106.0,10.1,50.6,28.6,90.69,6.47,23.15,muskmelon
86.6,24.0,51.4,29.63,93.38,6.29,25.13,muskmelon
105.3,24.2,47.5,29.62,94.62,6.54,29.31,muskmelon
96.9,24.1,52.0,27.13,94.53,6.39,24.6,muskmelon
102.0,8.0,49.7,29.49,90.08,6.22,20.02,muskmelon
97.5,19.6,53.0,29.84,93.04,6.2,29.24,muskmelon
108.3,16.5,52.0,29.77,93.56,6.29,27.13,muskmelon
86.2,12.7,49.1,27.5,90.12,6.11,26.55,muskmelon
109.1,24.8,48.5,28.8,94.69,6.13,27.18,muskmelon
107.6,6.8,53.6,29.44,90.17,6.07,20.49,muskmelon
95.0,15.2,50.3,27.8,94.56,6.29,20.46,muskmelon
94.0,15.6,49.1,27.82,90.66,6.66,29.96,muskmelon
94.9,12.6,51.2,29.16,91.96,6.72,25.6,muskmelon
98.5,17.9,54.5,29.38,90.2,6.27,24.71,muskmelon
94.4,19.0,53.3,29.19,94.95,6.22,28.75,muskmelon
108.0,12.2,52.3,27.31,93.95,6.43,22.92,muskmelon
104.7,17.8,47.1,27.09,92.17,6.46,28.77,muskmelon
112.8,15.6,52.5,28.32,93.73,6.16,23.71,muskmelon
104.0,5.4,52.2,29.51,92.0,6.36,28.51,muskmelon
108.3,10.8,48.2,29.04,92.82,6.13,23.1,muskmelon
112.0,18.8,54.9,29.3,94.71,6.17,27.71,muskmelon
85.6,18.4,49.7,28.04,94.31,6.68,20.22,muskmelon
103.3,12.4,49.2,29.5,91.55,6.75,21.8,muskmelon
104.9,18.4,47.5,27.97,94.17,6.61,23.29,muskmelon
101.0,6.2,47.1,28.46,90.43,6.67,27.18,muskmelon
113.3,18.9,54.4,28.66,93.0,6.78,26.42,muskmelon
85.9,19.5,54.1,29.39,92.92,6.54,29.9,muskmelon
87.7,18.3,47.8,28.92,93.04,6.12,22.07,muskmelon
103.6,7.6,47.7,29.51,91.64,6.39,29.41,muskmelon
19.5,129.7,201.1,23.27,94.51,6.42,119.42,apple
19.6,120.6,198.8,21.42,93.55,6.16,101.1,apple
31.7,126.2,199.3,23.0,92.15,5.94,101.64,apple
23.0,139.1,204.2,22.24,92.12,6.2,123.57,apple
20.3,131.0,203.0,22.83,90.55,6.13,104.67,apple
25.2,133.2,203.8,22.39,91.4,5.73,121.86,apple
18.4,130.6,196.9,23.32,92.37,5.85,109.03,apple
32.0,133.8,202.2,23.69,94.51,5.83,123.81,apple
15.5,129.4,204.0,21.82,91.37,5.8,115.31,apple
23.8,138.2,203.9,23.02,91.02,6.43,106.61,apple
18.0,122.2,200.6,21.34,90.69,5.8,107.04,apple
27.1,140.4,202.6,21.79,91.23,6.47,100.21,apple
32.6,125.0,204.5,22.03,92.2,6.21,114.69,apple
21.4,133.8,202.3,21.13,90.06,5.96,103.3,apple
28.3,125.4,199.3,21.59,92.74,5.62,100.58,apple
16.0,143.9,196.4,23.13,90.34,5.61,112.72,apple
24.3,143.8,204.4,23.34,93.01,5.95,108.9,apple
33.9,135.1,200.8,21.7,90.23,6.45,107.84,apple
23.9,122.9,203.4,21.08,94.17,5.64,122.16,apple
29.6,124.1,200.7,21.94,90.89,6.36,110.09,apple
23.0,124.2,198.8,23.61,91.82,6.45,123.66,apple
17.9,124.4,203.6,22.18,90.02,5.77,114.94,apple
31.0,123.3,196.1,23.77,93.76,6.09,119.23,apple
23.6,139.0,198.7,21.73,93.65,5.92,124.53,apple
22.0,143.0,204.3,21.73,93.99,5.93,122.94,apple
24.0,138.6,199.7,21.68,91.0,5.93,118.89,apple
27.1,137.2,197.8,22.44,90.22,6.32,124.75,apple
23.1,120.3,196.7,22.96,93.06,6.29,106.35,apple
30.3,137.2,198.2,22.64,90.74,5.95,122.03,apple
23.4,141.0,200.9,21.58,92.91,6.01,109.97,apple
17.4,130.4,195.7,21.3,92.08,5.81,123.14,apple
22.5,138.9,200.3,23.11,91.3,6.44,113.25,apple
31.6,129.1,196.0,23.02,90.04,5.98,104.82,apple
27.5,144.5,199.6,23.45,92.54,6.0,123.26,apple
32.8,139.6,198.0,22.64,91.12,5.94,112.11,apple
31.6,142.4,199.1,21.05,94.31,5.67,115.55,apple
15.5,130.0,204.9,21.3,92.12,5.81,122.63,apple
32.4,125.9,195.8,22.88,91.68,6.17,100.8,apple
17.7,137.2,197.1,23.57,90.29,5.72,124.96,apple
23.7,137.6,196.8,22.83,93.63,5.81,120.72,apple
27.1,129.7,200.6,22.73,90.83,5.9,108.59,apple
23.0,139.0,199.8,23.82,91.47,5.92,119.67,apple
25.9,133.7,195.5,22.2,91.35,6.5,107.71,apple
32.7,136.9,198.4,22.63,94.2,6.38,104.01,apple
21.8,128.4,195.4,22.79,94.27,5.88,118.5,apple
27.6,129.4,196.4,23.13,94.27,6.19,100.45,apple
19.3,121.7,200.7,23.27,90.55,6.34,113.89,apple
28.8,144.3,195.8,23.7,90.63,5.89,121.29,apple
33.1,132.7,200.9,23.12,94.16,5.62,120.25,apple
24.6,131.3,199.2,22.53,94.73,6.05,123.83,apple
18.6,138.1,203.1,23.04,93.03,6.06,121.52,apple
31.4,123.1,203.5,22.24,91.27,6.37,110.8,apple
31.2,126.6,195.0,22.49,90.5,6.25,106.9,apple
23.9,122.2,197.9,23.34,90.76,6.15,122.94,apple
28.6,140.3,196.1,21.75,94.47,6.22,115.99,apple
28.3,130.4,195.4,23.35,93.39,5.97,122.49,apple
21.7,127.4,203.7,23.39,92.57,5.63,105.38,apple
28.1,129.6,203.4,23.85,94.03,5.88,119.72,apple
22.0,124.2,195.3,22.16,94.52,5.74,105.16,apple
34.4,120.6,202.9,21.96,90.19,6.42,103.49,apple
26.0,126.9,195.7,21.15,90.58,5.57,119.01,apple
24.7,128.6,199.2,23.79,94.55,6.22,122.12,apple
21.4,129.5,201.1,22.87,92.41,5.9,124.65,apple
31.4,130.9,202.3,21.81,90.5,5.85,110.07,apple
15.3,140.4,198.6,22.74,90.37,5.67,122.24,apple
27.2,143.8,205.0,22.12,91.49,6.36,124.97,apple
27.6,139.9,202.8,22.07,92.87,6.33,117.2,apple
15.4,128.4,196.4,21.7,94.53,5.54,105.5,apple
21.2,135.4,200.3,21.65,90.82,5.74,112.56,apple
20.4,143.7,199.6,21.18,93.65,5.83,116.34,apple
20.6,134.3,202.7,23.78,91.31,5.83,111.61,apple
33.5,142.5,195.9,21.4,92.48,5.61,108.64,apple
18.0,135.9,204.5,23.99,91.88,6.1,121.41,apple
17.3,137.2,199.1,21.62,92.01,5.58,117.39,apple
20.1,127.8,196.2,23.59,92.47,6.07,114.24,apple
23.2,124.8,202.5,21.38,90.52,6.21,105.22,apple
21.1,131.9,199.5,23.13,93.12,6.14,117.85,apple
20.9,128.1,199.4,21.92,94.92,6.31,104.12,apple
15.1,121.1,197.4,21.34,92.67,6.36,118.42,apple
19.3,130.0,200.1,23.43,94.2,6.41,112.73,apple
28.9,122.8,200.7,21.75,92.16,6.13,106.42,apple
16.0,120.3,195.2,21.03,90.55,5.74,105.53,apple
34.7,127.7,196.3,22.64,94.29,6.18,107.4,apple
26.2,137.9,202.3,23.0,94.35,6.37,114.47,apple
23.6,136.0,203.2,21.02,94.96,5.68,111.76,apple
32.4,125.6,199.8,21.4,91.98,5.68,109.09,apple
22.5,144.8,204.9,21.34,93.63,5.55,100.75,apple
17.1,144.1,204.4,21.58,90.81,5.74,112.89,apple
26.4,125.5,202.6,21.93,94.61,6.16,110.91,apple
30.8,140.4,197.9,22.02,94.68,5.66,101.05,apple
24.1,140.0,202.7,23.76,92.67,5.6,114.72,apple
30.6,122.3,196.7,21.04,92.97,6.39,116.77,apple
34.6,121.6,204.0,23.44,91.57,6.47,107.2,apple
32.8,142.0,202.6,22.69,90.6,6.03,108.92,apple
30.8,139.0,204.1,21.04,94.05,6.44,119.73,apple
17.6,122.0,195.2,22.89,93.15,6.49,109.95,apple
21.6,135.6,203.3,23.81,94.02,5.93,115.87,apple
32.1,132.3,197.2,21.51,90.0,6.22,102.78,apple
19.9,127.4,200.6,22.19,93.37,5.56,103.1,apple
25.0,128.4,198.0,21.2,94.48,6.19,103.04,apple
11.3,24.5,11.8,23.35,93.51,7.36,115.6,orange
19.6,13.6,5.1,33.53,93.02,6.37,118.39,orange
28.3,24.8,13.7,34.96,91.22,7.52,116.46,orange
14.6,7.0,14.8,20.92,94.35,6.01,100.42,orange
19.3,9.8,11.9,26.31,90.39,6.29,107.76,orange
13.7,20.8,9.2,16.87,92.42,6.16,102.58,orange
14.8,22.2,14.2,31.53,91.67,6.49,110.98,orange
24.4,24.9,6.3,15.99,93.47,7.5,116.93,orange
23.6,24.1,10.1,33.28,94.84,7.52,106.2,orange
13.9,16.0,9.5,32.56,90.5,6.46,115.04,orange
11.9,11.4,8.9,27.45,90.79,7.55,108.95,orange
28.3,14.4,7.8,17.84,90.02,6.96,102.14,orange
17.8,16.8,7.8,18.5,93.87,7.7,102.01,orange
13.1,24.2,5.4,34.55,90.02,7.57,106.15,orange
28.8,11.3,11.5,16.6,91.21,7.39,110.57,orange
28.6,13.6,13.7,23.98,94.9,7.73,106.58,orange
27.7,22.0,7.1,27.49,90.36,7.51,103.49,orange
11.4,13.0,10.8,32.1,94.87,6.79,101.21,orange
25.0,16.3,9.5,21.19,92.51,6.61,115.14,orange
20.9,22.5,10.4,19.77,94.26,7.0,104.14,orange
22.5,12.2,13.4,24.07,93.63,6.17,107.92,orange
29.7,21.2,6.6,20.56,91.65,7.17,115.14,orange
25.0,15.2,13.1,23.74,90.62,7.02,119.05,orange
25.9,16.6,11.5,33.61,92.14,6.6,119.54,orange
27.3,11.5,9.6,23.3,90.75,7.72,108.09,orange
27.5,8.8,10.5,15.48,93.82,7.05,112.51,orange
11.0,9.2,5.7,20.78,93.14,7.02,112.24,orange
21.0,10.5,7.4,17.74,94.25,7.11,103.73,orange
13.5,22.5,12.4,28.19,92.03,6.47,119.59,orange
25.9,11.0,13.5,30.18,91.49,6.77,103.72,orange
12.2,19.5,7.7,31.4,94.98,6.14,109.46,orange
26.0,20.8,12.6,21.98,92.27,7.07,119.48,orange
16.6,23.5,7.7,34.78,93.35,6.83,112.27,orange
15.5,10.5,6.1,17.28,91.74,7.37,112.16,orange
12.1,22.0,11.0,34.22,93.35,6.32,109.48,orange
23.0,5.6,5.1,17.59,91.26,6.77,109.75,orange
12.8,18.5,11.0,20.89,90.07,6.14,107.83,orange
13.1,12.5,11.3,25.94,91.16,6.62,112.28,orange
27.2,20.1,10.5,22.25,91.83,7.58,100.78,orange
29.8,18.3,11.8,15.76,93.03,6.87,102.12,orange
15.6,22.8,10.5,23.27,90.36,7.29,114.06,orange
22.3,15.2,9.3,26.87,91.17,7.69,111.78,orange
16.2,14.0,13.1,18.23,91.46,7.22,106.31,orange
25.9,7.6,12.6,16.37,90.06,7.62,111.63,orange
17.0,9.7,11.2,25.18,94.96,7.77,112.7,orange
18.9,14.8,11.8,17.03,91.64,6.14,101.47,orange
13.9,14.7,12.8,24.71,91.68,6.15,111.01,orange
15.4,17.3,14.8,17.23,91.06,6.85,119.37,orange
25.4,23.0,8.3,34.84,90.51,6.1,117.11,orange
28.5,6.8,6.1,15.66,90.52,6.38,119.4,orange
23.4,20.6,12.8,25.7,93.99,7.07,106.29,orange
21.2,15.7,13.2,34.63,92.06,7.37,102.0,orange
25.5,12.4,5.4,22.26,93.05,6.21,118.48,orange
11.6,23.6,12.1,21.59,91.95,7.33,112.03,orange
23.4,12.8,9.9,34.8,91.07,6.75,105.84,orange
25.3,20.3,7.9,16.63,90.06,6.77,108.21,orange
29.8,14.4,7.6,32.82,92.46,7.08,101.91,orange
17.7,23.9,10.9,21.89,93.13,7.64,105.48,orange
20.1,24.2,6.7,29.39,93.07,7.22,107.02,orange
16.3,18.7,7.2,23.39,90.94,6.01,119.4,orange
18.6,24.4,6.4,26.75,91.0,7.42,115.67,orange
12.3,23.2,6.9,27.26,94.93,7.59,119.13,orange
16.9,7.1,6.9,25.01,93.97,6.27,113.19,orange
16.5,11.8,11.6,24.34,94.06,6.28,115.8,orange
11.3,8.9,11.6,32.1,91.26,6.59,110.74,orange
14.2,21.2,12.7,17.91,92.32,7.39,106.75,orange
22.7,6.0,11.1,18.05,94.15,6.64,105.63,orange
26.8,6.0,9.0,22.4,91.42,7.64,115.02,orange
11.3,19.3,10.3,33.02,91.56,7.03,110.02,orange
19.8,14.1,7.1,30.11,92.26,7.73,105.22,orange
23.7,23.8,11.6,32.43,94.14,6.65,112.0,orange
13.1,15.7,7.3,29.87,92.64,6.74,105.38,orange
30.0,6.4,5.4,19.35,94.86,7.76,113.1,orange
27.6,9.3,14.7,17.86,90.51,6.2,111.46,orange
25.6,12.3,14.8,23.69,90.75,6.84,113.58,orange
26.6,14.2,10.9,20.35,93.23,7.77,100.98,orange
27.7,16.2,7.5,34.1,92.42,6.6,103.63,orange
14.9,21.7,11.1,33.26,91.16,6.22,100.12,orange
20.2,25.0,11.9,21.17,94.38,7.41,100.31,orange
26.3,11.0,6.5,19.53,92.34,6.76,105.78,orange
13.4,20.2,14.9,30.56,91.48,6.44,104.35,orange
12.7,16.0,11.1,29.11,93.4,6.53,106.61,orange
23.6,12.0,7.1,22.49,91.36,6.16,116.6,orange
27.1,9.4,5.6,29.78,91.06,6.71,101.28,orange
14.5,20.9,13.0,19.14,91.68,6.24,101.48,orange
29.8,18.1,10.4,30.31,94.2,7.45,100.33,orange
13.7,18.1,8.8,34.65,93.33,7.72,104.03,orange
27.3,11.4,14.9,18.15,92.58,7.43,108.65,orange
19.4,24.7,9.3,27.08,90.27,7.52,112.96,orange
18.1,5.3,10.9,15.25,90.01,7.11,103.78,orange
13.8,18.1,5.5,21.27,90.75,7.04,113.24,orange
24.4,10.1,5.9,16.57,92.13,7.7,104.35,orange
15.1,7.0,11.1,28.6,93.21,7.55,109.73,orange
12.7,10.8,11.6,27.26,92.66,7.23,112.75,orange
27.6,16.7,12.8,19.97,93.39,7.62,107.71,orange
25.6,19.5,5.6,26.63,90.65,7.74,116.23,orange
12.2,7.4,10.9,21.9,90.17,6.97,107.76,orange
12.0,21.0,14.2,30.13,94.11,6.39,105.27,orange
14.2,20.3,14.5,29.34,94.41,7.15,107.75,orange
18.5,6.5,5.3,28.91,92.19,6.99,111.15,orange
45.5,64.5,49.7,33.88,94.1,6.73,206.4,papaya
57.9,72.3,53.9,32.7,90.17,6.63,170.66,papaya
58.2,68.0,45.8,31.35,90.78,6.82,220.9,papaya
57.2,73.8,47.0,33.1,91.2,6.68,240.61,papaya
51.5,69.8,49.9,30.29,90.32,6.77,219.07,papaya
44.3,69.4,53.1,34.12,93.73,6.7,214.62,papaya
55.3,74.8,48.5,34.11,90.83,6.6,216.27,papaya
58.3,62.9,46.8,32.85,92.28,6.65,165.69,papaya
54.7,55.2,50.4,37.94,91.33,6.8,213.58,papaya
53.1,63.9,48.5,38.36,93.79,6.66,151.33,papaya
41.4,56.9,50.8,30.52,91.68,6.88,172.38,papaya
55.3,69.9,47.5,37.29,93.74,6.7,163.15,papaya
50.4,73.4,51.4,31.73,93.41,6.71,205.07,papaya
54.7,65.3,53.1,37.22,93.08,6.58,231.95,papaya
58.7,57.7,49.9,32.59,93.77,6.86,155.5,papaya
57.5,58.6,53.0,34.57,91.64,6.58,158.44,papaya
53.2,66.0,46.2,31.13,90.36,6.87,218.31,papaya
41.2,66.2,45.8,39.04,94.54,6.85,241.88,papaya
56.2,71.6,50.7,33.06,91.09,6.66,209.13,papaya
43.5,60.2,49.7,32.33,92.94,6.96,222.29,papaya
53.3,66.7,49.9,31.87,94.47,6.62,150.04,papaya
55.0,58.5,48.7,30.28,90.69,6.59,145.99,papaya
53.1,71.7,48.7,38.75,91.07,6.66,156.58,papaya
52.4,63.4,51.1,37.62,92.73,6.81,242.88,papaya
46.0,62.2,52.2,36.11,90.89,6.69,191.46,papaya
48.4,58.6,54.2,37.62,92.41,6.84,238.7,papaya
42.7,60.0,50.4,37.99,90.18,6.99,190.04,papaya
47.2,60.9,46.7,37.92,94.78,6.71,244.77,papaya
56.5,64.6,51.7,34.35,92.79,6.53,216.59,papaya
41.1,71.3,53.2,32.37,91.62,6.74,205.63,papaya
45.7,66.8,48.0,30.55,90.01,6.55,227.15,papaya
59.2,63.5,50.1,31.47,92.76,6.57,207.23,papaya
58.7,58.9,52.6,30.24,91.88,6.56,178.77,papaya
43.5,62.5,49.2,33.01,93.28,6.96,184.07,papaya
43.8,60.4,53.5,35.72,92.28,6.57,189.47,papaya
45.6,73.9,53.8,30.84,92.58,6.61,185.19,papaya
57.5,65.6,48.3,32.08,94.0,6.81,191.49,papaya
44.3,61.7,54.6,35.2,92.0,6.76,225.69,papaya
46.8,58.6,50.8,36.65,93.56,6.94,180.83,papaya
41.5,74.2,49.4,36.23,93.33,6.77,162.58,papaya
55.1,71.1,50.5,34.89,90.57,6.54,177.35,papaya
46.2,74.1,52.8,36.6,92.59,6.58,247.63,papaya
47.5,57.1,49.9,38.74,94.44,6.51,237.49,papaya
45.4,55.8,53.5,38.64,92.98,6.79,229.44,papaya
55.7,72.8,50.5,39.68,94.98,6.56,233.45,papaya
50.0,62.8,51.1,30.56,92.53,6.94,163.48,papaya
48.5,73.8,49.3,33.58,92.2,6.76,209.52,papaya
56.0,64.0,53.2,35.34,91.69,6.83,218.95,papaya
51.2,56.1,46.7,32.85,91.41,6.84,142.02,papaya
55.1,60.3,48.1,35.28,91.08,6.94,149.39,papaya
48.9,72.0,51.2,32.92,92.1,6.85,247.06,papaya
57.9,61.8,55.0,30.04,90.14,6.91,161.94,papaya
41.2,59.7,49.3,37.31,93.12,6.62,195.36,papaya
58.5,71.3,48.2,39.82,93.54,6.53,143.87,papaya
43.4,69.6,46.8,35.11,90.47,6.96,177.84,papaya
58.2,73.9,45.1,34.64,90.12,6.95,197.02,papaya
41.5,57.2,48.8,39.4,93.46,6.93,180.31,papaya
40.9,74.5,45.2,39.48,91.84,6.51,215.81,papaya
59.6,74.3,46.6,31.81,92.83,6.82,221.34,papaya
43.6,74.2,51.4,38.47,92.7,6.71,247.49,papaya
51.6,72.3,54.5,36.75,92.74,6.5,144.4,papaya
44.0,58.7,47.5,33.05,91.8,6.71,150.88,papaya
40.8,68.5,50.4,34.44,93.17,6.91,187.05,papaya
52.8,74.1,53.4,34.26,93.22,6.59,201.66,papaya
59.6,65.4,54.3,34.07,94.99,6.79,144.65,papaya
51.7,60.5,45.3,38.21,91.38,6.9,171.7,papaya
43.9,74.5,48.6,36.01,93.05,6.78,240.62,papaya
53.5,63.1,53.6,31.81,92.72,6.98,208.79,papaya
56.3,68.1,53.4,39.44,91.36,6.58,193.24,papaya
54.0,59.5,45.0,33.43,94.84,6.85,184.15,papaya
43.9,62.1,46.7,31.06,94.53,7.0,158.05,papaya
41.1,61.6,49.6,32.05,91.51,6.6,225.17,papaya
54.3,67.7,48.9,39.09,94.85,6.59,164.53,papaya
50.5,56.8,49.4,35.82,92.61,6.67,199.67,papaya
59.2,59.1,51.5,30.43,90.33,6.78,151.54,papaya
40.4,58.4,50.6,37.03,91.01,6.83,160.07,papaya
52.3,63.2,51.5,39.95,94.69,6.5,237.4,papaya
41.3,74.1,47.8,33.82,90.46,6.56,219.94,papaya
58.9,67.2,52.2,37.62,91.31,6.52,140.21,papaya
47.0,59.8,45.6,31.8,90.62,6.96,155.43,papaya
50.8,66.9,50.4,30.99,91.59,6.53,183.52,papaya
43.8,66.2,51.9,35.32,92.17,6.69,232.59,papaya
44.4,69.7,52.6,34.19,91.49,6.74,150.25,papaya
40.9,57.2,46.9,35.04,94.25,6.62,242.87,papaya
59.1,74.2,53.4,33.64,90.36,6.78,201.45,papaya
57.0,74.9,50.1,33.45,90.93,6.5,196.0,papaya
51.1,71.5,50.0,39.16,93.14,6.92,156.31,papaya
57.1,68.5,46.7,31.9,94.63,6.52,190.88,papaya
46.3,68.3,53.4,33.6,92.13,6.99,226.23,papaya
57.9,63.8,47.3,34.12,93.58,6.55,169.75,papaya
40.9,63.6,53.3,30.25,93.38,6.97,166.06,papaya
53.9,74.5,54.6,32.35,90.5,6.57,217.22,papaya
54.5,68.5,48.4,31.7,92.9,6.74,220.17,papaya
48.8,61.8,47.9,32.11,91.33,6.55,178.15,papaya
40.7,58.7,52.5,33.25,93.34,6.86,203.93,papaya
59.2,55.4,52.4,39.59,94.31,6.58,175.95,papaya
43.4,67.0,52.1,33.17,92.7,6.85,186.35,papaya
57.1,70.4,45.6,36.21,91.18,6.78,245.26,papaya
57.6,63.1,47.9,32.34,92.66,6.56,200.42,papaya
40.0,61.5,47.2,39.71,93.64,6.67,150.21,papaya
25.3,9.3,30.4,29.18,98.08,6.13,181.4,coconut
33.5,23.6,30.1,26.53,97.3,5.69,190.45,coconut
25.0,7.1,27.0,27.4,99.44,6.07,194.75,coconut
21.8,16.4,29.5,28.3,95.25,5.99,158.12,coconut
21.5,24.2,26.8,26.56,97.55,6.36,169.58,coconut
29.9,22.1,28.1,26.96,96.78,6.33,134.21,coconut
21.2,18.6,30.7,27.18,97.7,5.7,170.92,coconut
25.0,23.0,27.6,29.34,98.22,5.52,198.84,coconut
15.7,24.9,33.7,26.49,96.29,5.88,163.84,coconut
22.4,11.4,31.2,25.82,99.23,6.31,175.27,coconut
32.1,9.9,25.2,28.1,97.29,6.07,215.44,coconut
34.4,17.7,32.6,25.42,95.8,6.23,170.98,coconut
23.9,11.2,31.1,25.93,98.13,5.67,136.06,coconut
21.6,9.6,33.9,25.27,95.88,6.05,175.7,coconut
15.9,5.1,34.9,28.29,96.83,5.97,155.32,coconut
21.9,18.0,33.8,25.92,99.2,5.62,150.42,coconut
15.7,7.8,34.2,27.3,95.39,6.46,213.5,coconut
30.1,23.7,27.2,29.18,98.45,6.37,205.71,coconut
21.9,20.5,27.6,26.64,95.54,6.44,157.65,coconut
25.4,12.8,34.6,26.68,98.89,6.36,171.38,coconut
22.6,20.0,34.1,28.77,96.14,6.39,166.82,coconut
26.5,21.6,26.9,28.92,97.98,6.39,146.34,coconut
23.4,21.7,25.2,25.56,99.95,5.78,222.68,coconut
18.7,12.2,32.5,28.29,97.91,6.03,210.13,coconut
19.7,13.8,26.6,27.98,96.25,5.83,174.77,coconut
15.5,6.8,31.9,27.14,99.32,6.19,130.77,coconut
27.3,6.9,32.8,29.96,97.66,6.18,152.54,coconut
23.8,22.1,26.7,26.33,97.23,6.21,165.71,coconut
33.6,6.9,28.7,28.54,96.13,6.16,145.6,coconut
16.1,7.4,34.3,27.76,98.98,5.83,186.3,coconut
24.9,23.9,32.5,28.65,95.23,6.05,174.36,coconut
33.6,10.1,27.7,27.06,96.22,5.63,211.45,coconut
26.2,22.2,33.3,26.41,97.74,5.58,216.95,coconut
23.1,12.9,28.0,27.3,96.26,5.87,205.99,coconut
31.7,11.1,29.7,29.37,95.26,6.39,150.82,coconut
28.6,16.7,30.5,29.3,95.51,5.85,181.13,coconut
31.2,9.3,33.0,27.0,95.94,6.26,138.64,coconut
25.3,6.3,28.6,28.01,97.78,5.9,170.76,coconut
19.5,14.1,34.5,29.25,95.73,5.53,218.68,coconut
25.5,15.8,32.8,26.57,97.41,6.47,193.85,coconut
18.1,7.7,27.0,28.83,96.48,5.52,219.7,coconut
18.4,5.2,27.4,26.18,97.11,6.42,213.52,coconut
24.1,13.2,30.6,26.22,95.26,6.44,147.74,coconut
19.0,14.4,29.9,25.09,95.74,5.88,194.95,coconut
19.6,13.5,30.6,29.44,96.63,5.63,176.48,coconut
29.9,7.2,29.2,25.09,95.17,5.98,158.33,coconut
31.9,17.0,29.5,27.04,97.49,5.54,214.82,coconut
35.0,8.6,26.2,25.72,98.31,6.16,210.55,coconut
30.0,14.0,31.1,28.44,97.56,5.98,191.28,coconut
26.1,17.9,31.1,28.6,98.21,6.02,194.77,coconut
24.0,9.8,25.0,27.8,97.95,6.47,164.34,coconut
22.9,9.0,25.7,28.86,96.25,6.11,195.34,coconut
24.4,22.5,29.4,26.42,99.48,6.36,145.58,coconut
15.5,6.8,27.9,29.86,97.79,5.87,214.43,coconut
24.1,11.3,34.4,29.25,99.22,6.01,205.0,coconut
18.6,16.5,34.8,26.45,98.97,5.99,133.78,coconut
30.3,8.4,31.3,25.43,99.73,5.79,151.51,coconut
17.6,23.9,32.1,28.71,97.5,5.97,140.45,coconut
26.2,9.9,34.8,28.98,97.06,5.65,204.61,coconut
17.4,8.8,27.1,27.78,98.94,5.81,138.04,coconut
24.3,20.0,27.2,26.1,99.74,6.45,224.09,coconut
31.2,8.8,27.1,26.7,96.59,6.46,204.96,coconut
29.5,8.7,34.1,29.14,95.82,6.37,155.86,coconut
16.6,18.1,31.5,25.47,96.59,6.49,194.45,coconut
29.6,9.3,25.8,26.38,96.24,5.73,148.31,coconut
26.5,11.6,33.2,25.92,97.32,5.51,175.76,coconut
16.1,24.6,32.9,27.45,95.43,6.09,202.08,coconut
18.8,16.4,33.1,28.84,99.01,6.38,219.08,coconut
23.1,16.4,32.9,28.49,99.98,5.51,163.74,coconut
20.6,10.2,27.2,28.55,95.42,6.24,195.88,coconut
20.0,10.1,31.3,28.81,99.38,6.35,221.66,coconut
26.6,23.2,33.1,29.47,95.06,6.47,174.99,coconut
31.0,7.5,29.0,26.36,96.46,5.62,206.55,coconut
15.2,11.3,26.7,27.95,96.27,5.76,176.39,coconut
28.1,7.4,26.8,26.24,99.87,5.9,186.9,coconut
19.8,14.8,25.7,25.17,97.34,5.9,143.0,coconut
28.8,24.9,29.0,28.12,99.81,6.33,174.04,coconut
29.7,7.6,30.1,26.4,95.81,5.93,142.45,coconut
29.0,14.1,30.3,25.73,95.7,6.08,223.58,coconut
16.9,10.7,33.7,25.36,99.38,6.02,168.79,coconut
21.2,10.9,28.1,29.42,98.62,6.17,205.88,coconut
20.1,17.4,29.6,28.91,96.55,6.14,213.81,coconut
23.0,6.3,30.2,26.73,98.36,6.45,176.13,coconut
24.3,18.1,26.0,26.27,99.59,6.17,131.28,coconut
19.1,18.7,32.6,29.2,96.46,6.43,182.53,coconut
28.9,16.9,26.2,29.82,95.61,5.75,207.29,coconut
27.4,21.8,30.2,26.88,99.61,5.54,211.33,coconut
19.6,22.0,26.4,27.9,99.44,5.97,200.92,coconut
31.1,19.7,34.3,27.23,95.87,5.55,153.41,coconut
17.9,16.2,26.8,25.19,95.18,6.33,186.19,coconut
22.2,22.9,25.7,29.9,98.08,5.68,194.51,coconut
30.3,13.6,33.6,25.75,96.39,5.59,150.03,coconut
19.8,23.4,25.8,27.14,97.66,6.4,224.78,coconut
30.1,24.4,32.9,29.82,98.54,5.58,168.18,coconut
27.9,12.0,27.7,27.89,99.67,5.53,203.08,coconut
29.5,24.3,34.3,28.81,97.6,5.7,181.8,coconut
30.3,22.9,32.9,25.98,98.0,5.83,130.87,coconut
19.0,7.3,33.4,26.29,96.42,6.46,166.01,coconut
15.2,10.7,26.2,25.51,95.39,6.09,147.99,coconut
22.2,22.2,29.2,29.58,97.49,5.9,201.29,coconut
102.9,36.8,21.5,23.95,82.9,7.83,71.65,cotton
123.9,45.0,24.8,25.32,84.12,6.51,83.18,cotton
110.6,39.2,24.4,22.08,84.65,6.3,84.58,cotton
111.0,42.0,17.2,24.34,78.48,7.31,60.47,cotton
102.6,37.0,19.2,25.26,83.88,6.49,77.23,cotton
130.7,40.8,19.1,24.1,76.35,6.05,64.58,cotton
125.1,36.5,16.9,23.35,75.78,6.38,87.34,cotton
100.8,48.1,18.8,24.69,80.89,6.45,85.42,cotton
119.7,51.5,19.1,25.94,82.7,7.93,75.43,cotton
118.9,50.1,23.8,25.86,78.25,7.6,66.32,cotton
121.8,38.6,18.5,25.73,76.46,7.26,77.79,cotton
104.8,41.5,20.6,22.75,83.01,7.94,66.44,cotton
107.5,44.1,22.5,23.13,75.2,7.08,88.7,cotton
115.7,43.4,24.7,24.78,82.19,7.13,89.24,cotton
127.6,52.9,22.0,24.94,77.9,6.61,83.49,cotton
111.9,46.3,17.5,25.27,76.11,7.66,78.08,cotton
107.5,45.8,17.8,23.29,78.52,6.13,89.58,cotton
101.3,48.2,18.7,24.58,78.56,7.35,81.88,cotton
127.6,37.3,21.6,23.12,75.29,6.83,73.01,cotton
118.7,49.1,18.1,23.26,75.61,7.37,77.03,cotton
114.0,49.1,20.4,23.88,80.11,7.27,79.8,cotton
111.6,37.8,16.6,24.56,83.73,6.82,65.09,cotton
130.3,51.6,23.8,24.43,83.61,6.03,63.22,cotton
103.7,49.3,15.7,23.99,79.73,6.62,86.11,cotton
106.8,42.0,22.7,22.12,81.73,7.63,87.97,cotton
135.1,41.4,20.9,22.31,77.58,6.19,69.46,cotton
135.0,41.9,20.6,23.73,79.59,7.94,68.88,cotton
125.1,43.4,15.6,23.96,83.13,6.2,62.09,cotton
106.1,50.3,22.2,24.26,79.68,7.78,83.0,cotton
132.5,51.3,21.4,23.83,83.65,7.85,60.71,cotton
102.1,54.2,17.8,25.49,78.89,6.24,62.41,cotton
106.3,40.0,19.9,24.81,84.86,6.88,75.55,cotton
120.9,45.8,20.2,22.04,75.02,6.2,63.05,cotton
128.2,39.1,23.9,25.71,84.76,7.88,68.16,cotton
120.4,38.5,23.1,25.55,83.51,6.87,82.76,cotton
103.9,35.8,22.5,23.7,84.96,6.19,85.67,cotton
119.2,51.5,23.2,25.66,77.98,7.9,64.55,cotton
103.3,43.6,23.3,23.89,83.29,7.46,66.28,cotton
138.0,36.2,24.0,23.22,80.0,6.84,65.16,cotton
114.3,38.9,17.0,22.75,79.89,7.6,77.07,cotton
135.7,47.7,21.9,24.67,79.49,7.38,62.09,cotton
134.4,50.6,17.5,25.07,75.13,6.43,61.95,cotton
131.2,50.1,23.1,22.02,80.01,7.41,64.66,cotton
126.0,36.7,16.8,23.9,81.54,6.29,65.56,cotton
108.2,39.8,17.3,23.58,81.54,6.88,83.28,cotton
128.8,37.5,15.5,25.51,75.8,6.3,60.66,cotton
125.1,46.6,24.9,25.55,79.11,6.74,68.91,cotton
106.1,37.8,16.3,22.46,77.41,6.61,88.85,cotton
123.1,54.8,18.7,23.83,78.25,6.37,64.29,cotton
137.8,54.7,15.4,22.6,79.24,6.37,70.92,cotton
105.2,44.1,17.7,23.41,75.94,6.86,89.5,cotton
113.2,52.5,23.4,25.81,82.9,7.32,85.7,cotton
103.0,44.3,24.9,25.08,84.62,7.56,86.25,cotton
128.3,50.2,20.2,25.7,83.25,7.69,80.19,cotton
112.2,35.7,24.4,24.34,77.98,6.3,84.89,cotton
133.5,51.3,21.5,23.46,78.04,6.02,85.01,cotton
103.5,47.6,20.0,24.11,84.27,6.06,83.2,cotton
102.1,35.8,19.3,22.25,82.89,7.06,60.87,cotton
101.6,47.3,23.1,23.75,80.55,7.6,78.32,cotton
109.0,47.3,21.3,24.94,81.21,7.94,65.92,cotton
138.0,45.8,21.7,22.4,78.81,7.54,81.21,cotton
101.6,45.9,15.9,25.98,83.97,6.04,85.76,cotton
136.8,42.1,22.2,23.77,81.55,6.68,69.68,cotton
117.0,37.9,23.3,23.39,79.0,7.79,74.9,cotton
121.8,54.1,23.9,22.68,79.73,7.94,71.17,cotton
114.9,38.9,16.1,24.96,82.7,7.94,83.2,cotton
109.7,35.8,24.9,23.36,78.12,7.81,77.55,cotton
108.6,52.8,24.9,22.35,83.62,6.78,75.72,cotton
136.6,54.5,17.6,22.85,75.81,7.12,60.41,cotton
116.5,36.5,19.1,22.16,83.35,6.42,69.85,cotton
134.8,49.9,17.2,22.29,82.16,6.78,82.98,cotton
117.8,41.9,19.5,24.99,84.02,6.1,75.72,cotton
101.3,44.4,23.9,23.45,84.32,7.26,88.02,cotton
130.3,37.1,17.3,23.58,76.7,6.99,74.14,cotton
138.3,43.7,22.9,25.77,83.77,6.42,74.88,cotton
113.9,43.0,18.6,25.31,79.52,7.05,89.47,cotton
102.4,44.8,22.7,22.6,81.12,6.48,86.02,cotton
113.1,41.6,21.0,22.73,77.85,6.83,70.61,cotton
121.0,47.0,20.7,24.62,78.08,6.25,82.82,cotton
134.0,40.1,19.1,23.99,80.33,7.32,61.25,cotton
128.9,36.2,19.7,25.31,79.51,6.3,89.55,cotton
135.6,50.4,19.1,22.74,84.41,7.06,85.57,cotton
113.7,41.7,24.9,24.09,76.41,6.44,74.46,cotton
101.7,44.3,19.2,25.12,78.55,7.97,65.42,cotton
123.6,36.8,22.3,25.98,83.19,7.11,74.54,cotton
133.4,53.7,24.9,23.59,84.91,6.31,67.61,cotton
103.6,40.4,22.7,25.41,82.79,7.26,75.42,cotton
128.3,42.8,23.4,24.71,81.98,7.07,86.56,cotton
110.1,42.6,22.8,23.97,83.89,6.69,71.08,cotton
135.5,44.3,20.2,23.33,77.77,7.31,63.6,cotton
135.2,50.6,16.9,24.78,81.03,6.37,68.2,cotton
116.4,49.0,21.4,24.13,82.68,7.52,78.54,cotton
131.5,41.7,23.8,24.46,83.22,7.09,66.55,cotton
121.7,42.4,22.0,23.9,83.36,7.36,80.54,cotton
108.7,54.7,23.4,25.16,78.3,7.07,64.11,cotton
121.5,37.9,20.5,24.59,78.9,7.0,86.27,cotton
104.3,50.8,16.7,22.15,76.86,7.53,72.15,cotton
134.9,45.5,15.2,24.87,76.1,7.58,65.04,cotton
113.8,50.2,24.5,23.49,83.29,6.38,84.22,cotton
126.3,38.9,18.0,22.53,78.83,6.41,79.32,cotton
89.8,35.2,40.4,24.72,84.14,6.76,177.19,jute
74.1,40.4,35.6,24.23,75.53,6.83,165.36,jute
76.0,37.7,44.3,25.68,76.9,6.52,180.67,jute
62.9,42.1,37.5,25.75,83.53,6.87,176.02,jute
87.9,53.6,44.7,23.38,76.61,7.02,177.07,jute
60.6,36.2,43.9,25.61,78.57,7.34,179.68,jute
84.2,43.5,36.1,24.3,79.57,6.83,155.28,jute
89.7,39.9,37.0,24.58,80.37,6.66,188.59,jute
75.5,47.2,42.2,23.08,80.71,7.33,150.87,jute
72.2,53.5,38.5,24.38,84.82,6.3,153.26,jute
85.8,52.4,39.7,24.54,83.36,7.11,163.26,jute
60.5,44.6,43.6,25.69,84.56,7.32,179.0,jute
73.3,50.5,42.4,24.61,75.87,7.39,172.78,jute
70.9,47.6,41.7,23.63,83.37,6.43,159.33,jute
72.2,49.6,44.7,25.43,84.4,6.21,153.56,jute
76.7,40.8,43.3,25.02,84.71,6.38,174.29,jute
75.0,39.8,40.9,24.33,79.47,6.54,150.85,jute
75.7,41.7,35.0,23.92,77.79,6.59,156.59,jute
75.2,48.8,41.3,25.41,79.52,6.78,190.52,jute
72.8,49.0,39.3,24.25,82.6,6.26,166.93,jute
66.7,42.2,37.3,24.74,82.98,7.18,168.23,jute
89.7,46.9,39.0,25.51,82.3,7.12,159.81,jute
74.0,52.2,40.0,25.05,80.88,7.26,164.23,jute
77.3,37.5,41.9,25.2,75.43,7.01,170.73,jute
63.7,43.4,36.9,24.25,78.84,7.11,188.71,jute
78.2,35.5,44.3,25.06,75.34,7.23,160.01,jute
77.4,44.3,39.2,25.67,79.37,6.11,197.33,jute
87.6,48.7,39.7,23.28,82.91,6.11,153.43,jute
76.1,38.2,35.1,24.27,76.37,6.24,153.85,jute
66.2,49.3,43.1,24.36,80.07,6.05,153.47,jute
67.7,45.9,42.4,24.82,78.92,6.18,189.04,jute
70.9,49.7,40.1,25.22,84.07,7.38,176.76,jute
75.3,40.3,44.4,24.37,76.28,6.65,156.35,jute
75.1,46.2,38.4,23.21,84.44,7.16,191.94,jute
71.0,50.2,39.9,23.6,76.24,6.52,156.88,jute
89.9,36.0,39.4,24.36,78.01,6.86,157.5,jute
83.5,41.6,40.9,25.15,83.89,7.25,180.42,jute
71.7,45.1,42.7,25.63,76.04,6.58,188.81,jute
72.9,41.6,39.1,24.81,85.0,6.74,160.42,jute
64.9,35.8,40.6,24.63,77.05,7.04,187.06,jute
67.8,41.9,44.9,24.12,82.61,6.68,189.67,jute
83.1,48.4,43.5,25.82,80.8,6.36,169.93,jute
82.7,48.0,36.8,23.15,81.83,6.38,174.98,jute
82.4,46.3,35.8,23.56,77.19,6.39,178.27,jute
75.1,39.1,35.7,23.51,84.84,6.7,193.37,jute
85.5,45.2,42.1,23.58,81.88,6.41,191.6,jute
62.5,50.5,36.0,25.64,78.04,6.98,174.38,jute
71.0,47.9,44.5,23.12,84.19,6.91,190.37,jute
71.5,44.4,43.7,24.24,80.35,6.03,157.93,jute
79.3,49.3,40.8,23.43,79.45,6.53,174.78,jute
86.1,50.5,35.8,25.67,79.72,7.12,157.0,jute
80.1,39.7,39.4,23.05,76.52,6.14,161.99,jute
63.0,48.8,35.3,24.85,76.41,7.42,196.65,jute
66.8,47.3,35.3,25.8,80.23,6.06,167.12,jute
62.3,42.9,41.7,24.41,78.84,6.18,162.25,jute
63.0,51.1,36.4,24.79,78.43,6.34,181.97,jute
73.7,43.0,40.9,24.47,78.03,6.84,183.47,jute
60.8,44.3,35.6,23.56,80.61,7.3,194.14,jute
62.1,43.4,40.8,23.44,82.65,7.12,195.17,jute
60.3,39.3,43.3,25.01,83.94,6.09,179.85,jute
77.1,35.7,40.1,24.83,76.91,6.41,182.02,jute
74.0,52.2,38.4,23.8,84.85,7.37,151.45,jute
83.1,37.2,35.3,23.82,77.69,7.23,185.53,jute
89.4,49.2,39.2,25.1,84.99,7.07,188.08,jute
88.2,37.3,42.0,25.55,84.54,6.32,175.2,jute
80.4,39.9,41.0,23.77,78.33,6.66,176.46,jute
73.5,44.9,38.0,23.48,75.47,6.29,179.1,jute
83.6,38.4,36.1,25.25,78.05,7.43,185.72,jute
69.8,40.8,40.2,23.24,76.18,6.26,188.74,jute
75.4,35.2,41.7,24.27,80.11,6.32,177.59,jute
89.4,36.5,37.8,23.73,77.49,6.57,190.91,jute
87.4,39.0,40.4,24.91,80.22,6.65,159.6,jute
74.6,43.0,43.0,25.29,76.34,6.13,195.41,jute
76.1,52.2,35.6,24.58,80.39,7.29,154.88,jute
67.2,43.1,43.7,25.82,84.93,7.44,150.3,jute
61.4,38.0,38.5,25.49,83.93,6.28,180.98,jute
87.5,44.3,36.0,24.37,78.76,6.87,171.93,jute
60.5,54.9,40.4,24.42,84.55,6.23,159.46,jute
84.2,40.2,43.0,23.81,75.33,6.78,159.83,jute
82.7,47.8,44.2,25.35,76.81,7.2,182.09,jute
80.1,51.6,40.7,24.4,81.37,6.45,159.13,jute
78.5,39.7,35.8,23.0,81.08,6.54,187.62,jute
71.3,44.7,39.1,24.95,78.56,7.45,196.81,jute
85.4,53.4,39.5,24.61,82.42,7.04,194.53,jute
81.5,55.0,38.5,25.5,81.98,7.04,166.29,jute
83.6,53.0,37.2,24.88,78.92,7.48,173.94,jute
66.8,42.6,41.5,23.23,81.04,7.4,192.52,jute
62.0,54.9,42.0,23.49,75.12,6.26,191.91,jute
60.6,39.7,42.6,24.76,82.83,7.12,152.53,jute
86.8,39.5,40.5,24.93,76.69,7.46,174.41,jute
61.7,53.7,40.9,25.1,80.25,7.25,151.66,jute
68.1,44.4,35.8,25.12,78.94,6.41,150.17,jute
81.6,51.7,39.0,24.69,77.28,6.93,150.61,jute
74.7,47.9,44.2,24.14,82.65,6.9,196.35,jute
72.0,41.4,43.9,23.15,76.36,6.12,192.16,jute
60.3,52.2,39.5,23.01,79.02,6.28,181.22,jute
80.4,44.8,35.4,24.97,83.42,7.08,191.5,jute
66.0,52.8,38.2,23.04,83.43,7.41,182.78,jute
66.9,40.0,39.7,25.69,76.5,7.24,164.57,jute
84.3,53.4,39.3,24.1,83.02,6.79,184.22,jute
